tag_name,tag_type,is_array,array_size,array_start_index,array_end_index,dimensions
All_EStop_Active,BOOL,0,,,,-
ALL_EStop_Channel_Healthy,BOOL,0,,,,-
Alrm_McAir_Prsnot_Ok,TIMER,0,,,,-
Alrm_SerAir_Prsnot_Ok,TIMER,0,,,,-
Alrm_TSfwd_Prsnot_Ok,TIMER,0,,,,-
AlwaysOff,BOOL,0,,,,-
AlwaysOn,BOOL,0,,,,-
AMES_Interlock_2nd_Stage,BOOL,0,,,,-
AMES_Interlock_Active,BOOL,0,,,,-
AMES_Interlock_Enable,BOOL,0,,,,-
AMES_Interlock_Status,INT,0,,,,-
AOI_SLS_CCDR,AOI_SAFE_LIMITED_SPEED,0,,,,-
AOI_TPRL,UDT_AOICIPAXIS,0,,,,-
ApolloCheck,DINT,0,,,,-
Array,DINT,0,,,,-
Auto_Cycle_Start,BOOL,0,,,,-
Auto_Cycle_Start_IPB,BOOL,0,,,,-
Auto_Phase_Start,BOOL,0,,,,-
AUX_Ax_TPRL_SUPPRESS_FAULT,BOOL,0,,,,-
AUX_CCDR_DRIVE_SAFE_STOP_RESET,BOOL,0,,,,-
AUX_CCPR_CURRENT_PHASE_P3,BOOL,0,,,,-
AUX_CMD_TPRL_MOVE_TO_DRUM,BOOL,0,,,,-
AUX_CMD_TPRL_MOVE_TO_HOME,BOOL,0,,,,-
AUX_CMD_TPRL_MOVE_TO_PREPOSITION,BOOL,0,,,,-
AUX_COND_TPRL_MOVE_TO_DRUM,BOOL,0,,,,-
AUX_COND_TPRL_MOVE_TO_HOME,BOOL,0,,,,-
AUX_COND_TPRL_MOVE_TO_PREPOSITION,BOOL,0,,,,-
AUX_DRUM_STANDSTILL_VELOCITY,REAL,0,,,,-
AUX_MACHINE_RESET_ESTOP_PRESSED,BOOL,0,,,,-
AUX_SAFE_CONTROL_VOLTAGE_ON,BOOL,0,,,,-
AUX_TPRL_AT_DRUM,BOOL,0,,,,-
AUX_TPRL_AT_HOME,BOOL,0,,,,-
AUX_TPRL_AT_PREPOSITION,BOOL,0,,,,-
AVERAGE_CYCLE_TIME,DINT,0,,,,-
AVG_CYCLE_TIME_CALC,CONTROL,0,,,,-
AWS_BEAD_PLACING_COMPLETED,BOOL,0,,,,-
Axis_State,SINT,1,15,0,14,15
AX_TPRL,AXIS_CIP_DRIVE,0,,,,-
Ax_TPRL:S,AB:MOTION_DIAGNOSTICS:S:1,0,,,,-
Ax_TPRL_FP,AOI_CIPFACEPLATE,0,,,,-
Ax_TPRL_FP1,AOI_CIPFACEPLATE_V01,0,,,,-
A_DATA_1,CONTROL,0,,,,-
A_DATA_2,CONTROL,0,,,,-
A_DATA_3,CONTROL,0,,,,-
A_DATA_4,CONTROL,0,,,,-
A_DATA_5,CONTROL,0,,,,-
A_DATA_6,CONTROL,0,,,,-
A_DATA_7,CONTROL,0,,,,-
A_DATA_8,CONTROL,0,,,,-
A_SHIFT,STRING,0,,,,-
A_SHIFT_DATA_1,PROD_DATA_V1,1,100,0,99,100
A_SHIFT_DATA_2,PROD_DATA_V1,1,100,0,99,100
A_SHIFT_DATA_3,PROD_DATA_V1,1,100,0,99,100
A_SHIFT_DATA_4,PROD_DATA_V1,1,100,0,99,100
A_SHIFT_DATA_5,PROD_DATA_V1,1,100,0,99,100
A_SHIFT_DATA_6,PROD_DATA_V1,1,100,0,99,100
A_SHIFT_DATA_7,PROD_DATA_V1,1,100,0,99,100
A_SHIFT_DATA_8,PROD_DATA_V1,1,100,0,99,100
B,DWORD,1,1,0,0,1
BALANCE_LENGTH,DINT,0,,,,-
Barcode_count,COUNTER,0,,,,-
BARCODE_CT,STRING,1,10,0,9,10
Barcode_laser_off,BOOL,0,,,,-
Barcode_laser_on,BOOL,0,,,,-
Barcode_laser_OnOff,TOGGLE,0,,,,-
Barcode_not_sense_alarm,BOOL,0,,,,-
Barcode_P15_Bypass,BOOL,0,,,,-
Barcode_P15_HandShake,DINT,0,,,,-
Barcode_P15_Reset,DINT,0,,,,-
Barcode_scan_start,BOOL,0,,,,-
BEAD_BLOW_CT,REAL,0,,,,-
BEAD_INSERT_OP_DELAY_TIME,REAL,0,,,,-
BEAD_PLACING_CT,REAL,0,,,,-
BEAD_SET_CYCLE_TIME,REAL,0,,,,-
BP1_CUTTER_SET_LIMIT,DINT,0,,,,-
BP1_REPLACE_TOLERANCE,DINT,0,,,,-
BP1_TOLERANCE_RESET,DINT,0,,,,-
BP2_CUTTER_SET_LIMIT,DINT,0,,,,-
BP2_REPLACE_TOLERANCE,DINT,0,,,,-
BP2_TOLERANCE_RESET,DINT,0,,,,-
Branson,BOOL,0,,,,-
Bypass_Safety,DINT,0,,,,-
B_DATA_1,CONTROL,0,,,,-
B_DATA_2,CONTROL,0,,,,-
B_DATA_3,CONTROL,0,,,,-
B_DATA_4,CONTROL,0,,,,-
B_DATA_5,CONTROL,0,,,,-
B_DATA_6,CONTROL,0,,,,-
B_DATA_7,CONTROL,0,,,,-
B_DATA_8,CONTROL,0,,,,-
B_SHIFT,STRING,0,,,,-
B_SHIFT_DATA_1,PROD_DATA_V1,1,100,0,99,100
B_SHIFT_DATA_2,PROD_DATA_V1,1,100,0,99,100
B_SHIFT_DATA_3,PROD_DATA_V1,1,100,0,99,100
B_SHIFT_DATA_4,PROD_DATA_V1,1,100,0,99,100
B_SHIFT_DATA_5,PROD_DATA_V1,1,100,0,99,100
B_SHIFT_DATA_6,PROD_DATA_V1,1,100,0,99,100
B_SHIFT_DATA_7,PROD_DATA_V1,1,100,0,99,100
B_SHIFT_DATA_8,PROD_DATA_V1,1,100,0,99,100
Calibration_MRP,MOTION_INSTRUCTION,0,,,,-
Calibration_Turnup_HS,AOI_AXISCALIBRATION,0,,,,-
Calibration_Turnup_TS,AOI_AXISCALIBRATION,0,,,,-
Calib_TPRL,UDT_CALIBCD,0,,,,-
CARCASS_DRUM_MAX_TQ,DINT,0,,,,-
CARCASS_DRUM_MIN_TQ,DINT,0,,,,-
CARCASS_DRUM_TQ_FB,DINT,0,,,,-
CARCASS_DRUM_TQ_RESET,BOOL,0,,,,-
CATL_REQ_SIMULATE,DINT,0,,,,-
CATL_SIM_BIT,DINT,0,,,,-
CCDR_EXP_DELAY,TIMER,0,,,,-
CC_Drum:S,AB:MOTION_DIAGNOSTICS:S:1,0,,,,-
CC_Drum_Flow_Fdbk,REAL,0,,,,-
CC_Drum_Flow_Fdbk_Previous,REAL,0,,,,-
CD_HDW_IO_ENABLE,SINT,1,32,0,31,32
CD_HDW_OT_IO_GET_STS_TPRL,SINT,1,32,0,31,32
Check_Pro,PRO_LOG,0,,,,-
CIP_DIAG_DEVICE_NUMBER,DINT,0,,,,-
CIP_Module_Ok,BOOL,0,,,,-
Clear_ManFnc_Bits,BOOL,0,,,,-
CMD_AUTOSTOP_TPRL_MOVE_TO_PREPOSITION,BOOL,0,,,,-
CMD_AXIS_TPRL_DISABLE,BOOL,0,,,,-
CMD_AXIS_TPRL_HOLD,BOOL,0,,,,-
CMD_AXIS_TPRL_LOOK_FOR_HOME,BOOL,0,,,,-
CMD_AXIS_TPRL_SET_REFERENCE,BOOL,0,,,,-
CMD_CCDR_AUTO_START_MAN_DELAY,BOOL,0,,,,-
CMD_CCPR_APPLY_IL,BOOL,0,,,,-
CMD_CCPR_APPLY_P1,BOOL,0,,,,-
CMD_CCPR_APPLY_P2,BOOL,0,,,,-
CMD_CCPR_APPLY_P3,BOOL,0,,,,-
CMD_CCPR_APPLY_SW,BOOL,0,,,,-
CMD_CC_Drum_REV,BOOL,0,,,,-
Cmd_Contour_Stchr_Fault_Reset,BOOL,0,,,,-
Cmd_Disk_Stchr_Fault_Reset,BOOL,0,,,,-
Cmd_Drum_Axis_Fault_Reset,BOOL,0,,,,-
CMD_HMI_CC_RESET,BOOL,0,,,,-
Cmd_IL_Axis_Fault_Reset,BOOL,0,,,,-
Cmd_IL_Knife_Axis_Fault_Reset,BOOL,0,,,,-
Cmd_Laser_Fault_Reset,BOOL,0,,,,-
Cmd_P1_Axis_Fault_Reset,BOOL,0,,,,-
Cmd_P2_Axis_Fault_Reset,BOOL,0,,,,-
Cmd_ply1_cut_cmd,BOOL,0,,,,-
Cmd_RRD_Broad_Fault_Reset,BOOL,0,,,,-
Cmd_RRD_Left_Fault_Reset,BOOL,0,,,,-
Cmd_RRD_Radial_Fault_Reset,BOOL,0,,,,-
Cmd_RRD_Right_Fault_Reset,BOOL,0,,,,-
CMD_SAFE_CCDR_NO_LIM_DIRECTION,BOOL,0,,,,-
CMD_Safe_Control_Voltage_OFF,BOOL,0,,,,-
CMD_SAFE_RESET_ESTOP,BOOL,0,,,,-
CMD_Safe_SW_Conveyor_Front_EStop_Reset,BOOL,0,,,,-
CMD_SLS_CCDR_RESET,BOOL,0,,,,-
Cmd_SW_PP_Axis_Reset,BOOL,0,,,,-
CMD_TPRL_CALIB_ENABLE,BOOL,0,,,,-
CMD_TPRL_CLEAR_AXIS_FAULT,BOOL,0,,,,-
CMD_TPRL_MOVE_TO_DRUM,BOOL,0,,,,-
CMD_TPRL_MOVE_TO_HOME,BOOL,0,,,,-
CMD_TPRL_MOVE_TO_PREPOSITION,BOOL,0,,,,-
CMD_TPRL_REQ_TO_STO,BOOL,0,,,,-
CMD_TPRL_STO_RESET_REQ,BOOL,0,,,,-
Cmd_Tray_Front_Roller_Down,BOOL,0,,,,-
Cmd_Tray_Front_Roller_Up,BOOL,0,,,,-
Cmd_TurnUp_HS_Axis_Reset,BOOL,0,,,,-
Cmd_TurnUp_TS_Axis_Reset,BOOL,0,,,,-
CM_TPRL_MANUAL_COMMAND,BOOL,0,,,,-
CommunicationSts_AX_TPRL,DINT,0,,,,-
CommunicationSts_LOST_AX_TPRL,BOOL,0,,,,-
CommunicationSts_LOST_CCDrum,BOOL,0,,,,-
CommunicationSts_LOST_ContourStitcher,BOOL,0,,,,-
CommunicationSts_LOST_DiskStitcher,BOOL,0,,,,-
CommunicationSts_LOST_Festo_IL_GU,BOOL,0,,,,-
CommunicationSts_LOST_Festo_IL_Tray,BOOL,0,,,,-
CommunicationSts_LOST_Festo_Laser_Light,BOOL,0,,,,-
CommunicationSts_LOST_Festo_Ply1_CU,BOOL,0,,,,-
CommunicationSts_LOST_Festo_Ply1_GU,BOOL,0,,,,-
CommunicationSts_LOST_Festo_Ply1_Tray,BOOL,0,,,,-
CommunicationSts_LOST_Festo_Ply2_CU,BOOL,0,,,,-
CommunicationSts_LOST_Festo_Ply2_GU,BOOL,0,,,,-
CommunicationSts_LOST_Festo_Ply2_Tray,BOOL,0,,,,-
CommunicationSts_LOST_Festo_Ply3_CU,BOOL,0,,,,-
CommunicationSts_LOST_Festo_Ply3_GU,BOOL,0,,,,-
CommunicationSts_LOST_Festo_Ply3_Tray,BOOL,0,,,,-
CommunicationSts_LOST_ILConv,BOOL,0,,,,-
CommunicationSts_LOST_ILKnife,BOOL,0,,,,-
CommunicationSts_LOST_IL_Centering_Unit,BOOL,0,,,,-
CommunicationSts_LOST_Ply1Conv,BOOL,0,,,,-
CommunicationSts_LOST_Ply2Conv,BOOL,0,,,,-
CommunicationSts_LOST_Ply3Conv,BOOL,0,,,,-
CommunicationSts_LOST_RIO_01,BOOL,0,,,,-
CommunicationSts_LOST_RIO_02,BOOL,0,,,,-
CommunicationSts_LOST_RIO_04,BOOL,0,,,,-
CommunicationSts_LOST_RIO_05,BOOL,0,,,,-
CommunicationSts_LOST_RIO_06,BOOL,0,,,,-
CommunicationSts_LOST_RIO_07,BOOL,0,,,,-
CommunicationSts_LOST_RIO_08,BOOL,0,,,,-
CommunicationSts_LOST_RIO_09,BOOL,0,,,,-
CommunicationSts_LOST_RIO_10,BOOL,0,,,,-
CommunicationSts_LOST_RIO_11,BOOL,0,,,,-
CommunicationSts_LOST_RIO_12,BOOL,0,,,,-
CommunicationSts_LOST_RRDBroad,BOOL,0,,,,-
CommunicationSts_LOST_RRDLeft,BOOL,0,,,,-
CommunicationSts_LOST_RRDRight,BOOL,0,,,,-
CommunicationSts_LOST_RRD_Radial,BOOL,0,,,,-
CommunicationSts_LOST_SW_Left,BOOL,0,,,,-
CommunicationSts_LOST_SW_PP,BOOL,0,,,,-
CommunicationSts_LOST_SW_Right,BOOL,0,,,,-
CommunicationSts_LOST_TurnupHS,BOOL,0,,,,-
CommunicationSts_LOST_TurnupTS,BOOL,0,,,,-
CommunicationSts_LOST_VFD_IL_LetOff,BOOL,0,,,,-
CommunicationSts_LOST_VFD_Ply1_Cutter,BOOL,0,,,,-
CommunicationSts_LOST_VFD_Ply1_LetOff,BOOL,0,,,,-
CommunicationSts_LOST_VFD_Ply2_Cutter,BOOL,0,,,,-
CommunicationSts_LOST_VFD_Ply2_LetOff,BOOL,0,,,,-
CommunicationSts_LOST_VFD_Ply3_Cutter,BOOL,0,,,,-
CommunicationSts_LOST_VFD_Ply3_LetOff,BOOL,0,,,,-
CommunicationSts_LOST_VFD_SW_Conv,BOOL,0,,,,-
CommunicationSts_LOST_VFD_SW_LetOff,BOOL,0,,,,-
CommunicationSts_RIO_NOk,BOOL,0,,,,-
Comm_Lost_IQ,BOOL,0,,,,-
ConnSts_Centering_Unit_Module,DINT,0,,,,-
ConnSts_CIP_Module,DINT,0,,,,-
ConnSts_Ethernet_Module,DINT,0,,,,-
ConnSts_Rio11_Adp,DINT,0,,,,-
ConnSts_Rio12_Adp,DINT,0,,,,-
ConnSts_RIOs_Module,DINT,0,,,,-
CONST_MPM_TO_MMSEC,REAL,0,,,,-
CONTOURSTITCHER_MAX_TQ,DINT,0,,,,-
CONTOURSTITCHER_MIN_TQ,DINT,0,,,,-
CONTOURSTITCHER_TQ_FB,DINT,0,,,,-
CONTOURSTITCHER_TQ_RESET,BOOL,0,,,,-
CONTOUR_CT_MACHINE,REAL,0,,,,-
CONTOUR_CT_MAN,REAL,0,,,,-
Contour_Stitcher_Hi_Pr,TIMER,0,,,,-
Contour_Stitcher_Set_Pressure,REAL,0,,,,-
ContrStchr_start,BOOL,0,,,,-
Conv_Perm2_1,MASRA_MC3617_2018,0,,,,-
Conv_Ultrasonic_Gen_Power_Coun,REAL,0,,,,-
count,DINT,0,,,,-
count2,DINT,0,,,,-
count3,DINT,0,,,,-
count4,DINT,0,,,,-
Counter_Reset_IL,BOOL,0,,,,-
Counter_Reset_Ply1,BOOL,0,,,,-
Counter_Reset_Ply2,BOOL,0,,,,-
Counter_Reset_SW,BOOL,0,,,,-
Countour_Stitch:S,AB:MOTION_DIAGNOSTICS:S:1,0,,,,-
CPAR_IL_TRAY_OFFSET,REAL,0,,,,-
CPAR_PLY1_TRAY_OFFSET,REAL,0,,,,-
CPAR_PLY2_TRAY_OFFSET,REAL,0,,,,-
CPAR_PLY3_TRAY_OFFSET,REAL,0,,,,-
CR,DINT,0,,,,-
CROUT_CCDR_DRIVE_SAFE_STOP,CONFIGURABLE_ROUT,0,,,,-
CRS_Download_Ack,BOOL,0,,,,-
CRS_Download_Busy,BOOL,0,,,,-
CRS_Download_Complete,BOOL,0,,,,-
CRS_Download_Enable,BOOL,0,,,,-
CRS_Download_Error,BOOL,0,,,,-
CRS_Download_OS,BOOL,0,,,,-
CRS_Download_Request,BOOL,0,,,,-
CRS_Download_Result,DINT,0,,,,-
CRS_Last_Download_Time,STRING,0,,,,-
CRS_Last_Download_Time_NotUsed,STRING,1,40,0,39,40
CRS_Last_Download_User,STRING,0,,,,-
CRS_Last_Download_User_NotUsed,STRING,1,40,0,39,40
CRS_Recipe_Code,STRING,0,,,,-
CRS_Recipe_Code_NotUsed,STRING,1,40,0,39,40
CRS_Recipe_Data,REAL,1,500,0,499,500
CRS_Test_Length,REAL,0,,,,-
CRS_Test_Machine_In_Manual,BOOL,0,,,,-
CRS_Test_Recipe_Data,REAL,1,500,0,499,500
CRS_Test_Recipe_No,DINT,0,,,,-
CRS_Test_Speed,REAL,0,,,,-
CRS_Test_Width,REAL,0,,,,-
CT,REAL,1,13,0,12,13
CTHist,REAL,1,13000,0,12999,1 x 1000 x 13
CTHistory,REAL,1,13000,0,12999,1000 x 13
CTU,COUNTER,0,,,,-
CTUD_Recipe,FBD_COUNTER,0,,,,-
CT_FFL_Control,CONTROL,0,,,,-
CT_FFL_Ctrl,CONTROL,1,13,0,12,13
CT_History,REAL,1,500,0,499,500
CT_Ph0,TIMER,0,,,,-
CT_Ph1,TIMER,0,,,,-
CT_Ph2,TIMER,0,,,,-
CT_Ph3,TIMER,0,,,,-
CT_Ph4,TIMER,0,,,,-
CT_Ph5,TIMER,0,,,,-
CT_Ph6,TIMER,0,,,,-
CT_Ph7,TIMER,0,,,,-
CT_Ph8,TIMER,0,,,,-
CT_Ph9,TIMER,0,,,,-
CT_Time,DATETIME_TYPE,0,,,,-
CurrentUserName,STRING,0,,,,-
CURRENT_PHASE,DINT,0,,,,-
Current_Step,DINT,0,,,,-
Cutter_Safety_Curtain_Timer,TIMER,0,,,,-
Cycle_Complete,BOOL,0,,,,-
Cycle_Complete_Aux,BOOL,0,,,,-
Cycle_Complete_Latch,BOOL,0,,,,-
Cycle_Time,TIMER,0,,,,-
CYCLE_TIME_ARRANGE,CONTROL,0,,,,-
CYCLE_TIME_ASCENDING_ORDER,DINT,1,30,0,29,30
Cycle_Time_History,DATETIME_TYPE,1,100,0,99,100
Cycle_Time_History_1,DINT,1,100,0,99,100
CYCLE_TIME_MOVE,TIMER,0,,,,-
Cycle_Time_Ph10,TIMER,0,,,,-
Cycle_Time_Ph11,TIMER,0,,,,-
Cycle_Time_Ph12,TIMER,0,,,,-
Cycl_Stp_FS,COUNTER,0,,,,-
C_CarcassRemoval,REAL,0,,,,-
C_Count,DINT,0,,,,-
C_CR,DINT,0,,,,-
C_DATA_1,CONTROL,0,,,,-
C_DATA_2,CONTROL,0,,,,-
C_DATA_3,CONTROL,0,,,,-
C_DATA_4,CONTROL,0,,,,-
C_DATA_5,CONTROL,0,,,,-
C_DATA_6,CONTROL,0,,,,-
C_DATA_7,CONTROL,0,,,,-
C_DATA_8,CONTROL,0,,,,-
c_Maintenance,DINT,0,,,,-
c_Manual,DINT,0,,,,-
c_Produce,DINT,0,,,,-
C_SHIFT,STRING,0,,,,-
C_SHIFT_DATA_1,PROD_DATA_V1,1,100,0,99,100
C_SHIFT_DATA_2,PROD_DATA_V1,1,100,0,99,100
C_SHIFT_DATA_3,PROD_DATA_V1,1,100,0,99,100
C_SHIFT_DATA_4,PROD_DATA_V1,1,100,0,99,100
C_SHIFT_DATA_5,PROD_DATA_V1,1,100,0,99,100
C_SHIFT_DATA_6,PROD_DATA_V1,1,100,0,99,100
C_SHIFT_DATA_7,PROD_DATA_V1,1,100,0,99,100
C_SHIFT_DATA_8,PROD_DATA_V1,1,100,0,99,100
C_SHIFT_DATE_CAPTURE,BOOL,0,,,,-
C_Start,BOOL,0,,,,-
C_Stop,BOOL,0,,,,-
C_Time,REAL,1,13,0,12,13
C_Trial,REAL,1,3315,0,3314,13 x 255
C_Tyre,COUNTER,0,,,,-
DataLog_control,CONTROL,0,,,,-
data_chk,CONTROL,0,,,,-
data_Log,DINT,0,,,,-
Data_Log_Timer,TIMER,0,,,,-
DD,BOOL,0,,,,-
Delay_Timer,TIMER,0,,,,-
DINT,DINT,1,10,0,9,10
DISKSTITCHER_MAX_TQ,REAL,0,,,,-
DISKSTITCHER_MIN_TQ,REAL,0,,,,-
DISKSTITCHER_TQ_FB,REAL,0,,,,-
DISKSTITCHER_TQ_RESET,BOOL,0,,,,-
Disk_Stitcher:S,AB:MOTION_DIAGNOSTICS:S:1,0,,,,-
Disk_Stitcher_Hi_Pr,TIMER,0,,,,-
Disk_Stitcher_Set_Pressure,REAL,0,,,,-
DI_230VSuply_AC1_On_Fb,BOOL,0,,,,-
DI_230VSuply_AC2_On_Fb,BOOL,0,,,,-
DI_230VSuply_SW_Heater_OK_MCB,BOOL,0,,,,-
DI_230VSuply_ToolHeater_OK_MCB,BOOL,0,,,,-
DI_230VSuply_Ultrasonic_Knife_MCB,BOOL,0,,,,-
DI_24VSuply_PC_On_Fb,BOOL,0,,,,-
DI_24VSuply_RIO10_OP_OK_MCB,BOOL,0,,,,-
DI_24VSuply_RIO11_OP_OK_MCB,BOOL,0,,,,-
DI_24VSuply_RIO12_OP_OK_MCB,BOOL,0,,,,-
DI_24VSuply_RIO4_OP_OK_MCB,BOOL,0,,,,-
DI_24VSuply_RIO5_OP_OK_MCB,BOOL,0,,,,-
DI_24VSuply_RIO6_OP_OK_MCB,BOOL,0,,,,-
DI_24VSuply_RIO7_OP_OK_MCB,BOOL,0,,,,-
DI_24VSuply_RIO8_OP_OK_MCB,BOOL,0,,,,-
DI_24VSuply_RIO9_OP_OK_MCB,BOOL,0,,,,-
DI_24VSupply_EL_System,BOOL,0,,,,-
DI_24VSupply_Laser_Light,BOOL,0,,,,-
DI_24VSupply_RIO2_OP_OK_MCB,BOOL,0,,,,-
DI_24VSupply_RIO3_OP_OK_MCB,BOOL,0,,,,-
DI_415VSuply_ILLetOff_OK_MPCB,BOOL,0,,,,-
DI_415VSuply_P1Knife_OK_MPCB,BOOL,0,,,,-
DI_415VSuply_P1LetOff_OK_MPCB,BOOL,0,,,,-
DI_415VSuply_P2Knife_OK_MPCB,BOOL,0,,,,-
DI_415VSuply_P2LetOff_OK_MPCB,BOOL,0,,,,-
DI_415VSuply_P3Knife_OK_MPCB,BOOL,0,,,,-
DI_415VSuply_P3LetOff_OK_MPCB,BOOL,0,,,,-
DI_415VSuply_SWLet_Off_OK_MPCB,BOOL,0,,,,-
DI_415V_P1_BlowerOK_MPCB,BOOL,0,,,,-
DI_415V_P2_BlowerOK_MPCB,BOOL,0,,,,-
DI_415V_P3_BlowerOK_MPCB,BOOL,0,,,,-
DI_AutoStop_IFS,BOOL,0,,,,-
DI_ControlON_ICT,BOOL,0,,,,-
DI_HP_Air_IPS,BOOL,0,,,,-
DI_HS_Bead_Centering_Collapsed_1,BOOL,0,,,,-
DI_HS_Bead_Centering_Collapsed_2,BOOL,0,,,,-
DI_McAirPrOK_IPS,BOOL,0,,,,-
DI_OPAutoStop_IPB,BOOL,0,,,,-
DI_OPAuto_IPB,BOOL,0,,,,-
DI_OPBeadPassing_IPB,BOOL,0,,,,-
DI_OPControlOFF_IPB,BOOL,0,,,,-
DI_OPControlON_IPB,BOOL,0,,,,-
DI_OPHome_IPB,BOOL,0,,,,-
DI_OPLampTest_IPB,BOOL,0,,,,-
DI_OPManual_IPB,BOOL,0,,,,-
DI_OPPahseStop_IPB,BOOL,0,,,,-
DI_OPReset_IPB,BOOL,0,,,,-
DI_Panel_Left_Door_Close_FB,BOOL,0,,,,-
DI_Panel_Right_Door_Close_FB,BOOL,0,,,,-
DI_Plant_AirPr_IPS,BOOL,0,,,,-
DI_ply1_mat_on_tray,BOOL,0,,,,-
DI_Sequence_IFS,BOOL,0,,,,-
DI_Servicer_Air_Pr_OK_IPS,BOOL,0,,,,-
DI_Servicer_Air_Pr_OK_IPS_temp,BOOL,0,,,,-
DI_Servicer_Air_Pr_OK_IPS_temp2,BOOL,0,,,,-
DI_ServoGrp1_Healthy,BOOL,0,,,,-
DI_ServoGrp2_Healthy,BOOL,0,,,,-
DI_ServoGrp3_Healthy,BOOL,0,,,,-
DI_SRHealthy_ISR,BOOL,0,,,,-
DI_Stchr_up_Position_SW,REAL,0,,,,-
DI_TSFwdEnable_IPS,BOOL,0,,,,-
DI_TS_Bead_Centering_Collapsed_1,BOOL,0,,,,-
DI_TS_Bead_Centering_Collapsed_2,BOOL,0,,,,-
DI_TS_Release_IPS,BOOL,0,,,,-
DI_UltraSonicKnife_OL_IUG,BOOL,0,,,,-
DI_ultrasonic_OL_Branson,BOOL,0,,,,-
DK_CT_MACHINE,REAL,0,,,,-
DK_CT_MAN,REAL,0,,,,-
DLR_1_Array,SINT,1,100,0,99,100
DLR_1_GetInfo,GET_DLR_INFO,0,,,,-
DLR_1_Info,DLR_NET_INFO,0,,,,-
DLR_1_Msg,MESSAGE,0,,,,-
DLR_2_Array,SINT,1,100,0,99,100
DLR_2_GetInfo,GET_DLR_INFO,0,,,,-
DLR_2_Info,DLR_NET_INFO,0,,,,-
DLR_2_Msg,MESSAGE,0,,,,-
DOWN_LIMIT_REACHED,BOOL,0,,,,-
DO_AC1_On_SSR,BOOL,0,,,,-
DO_AC2_On_SSR,BOOL,0,,,,-
DO_Barcode_LASER_ON,BOOL,0,,,,-
DO_Center_LASER_ON,BOOL,0,,,,-
Do_Check1,BOOL,0,,,,-
Do_Check2,BOOL,0,,,,-
Do_Check3,BOOL,0,,,,-
Do_Check4,BOOL,0,,,,-
Do_Check5,BOOL,0,,,,-
DO_EStop_OLT,BOOL,0,,,,-
DO_IL_Letoff_Drive_Enable,BOOL,0,,,,-
DO_LH_RH_LASER_ON,BOOL,0,,,,-
DO_MainMc_EStop_Valve_OSV,BOOL,0,,,,-
DO_MainMc_Main_Valve_OSV,BOOL,0,,,,-
DO_McHome_OLT,BOOL,0,,,,-
DO_OpPanel_AutoStop_OLT,BOOL,0,,,,-
DO_OpPanel_Auto_OLT,BOOL,0,,,,-
DO_OpPanel_BdPassing_OLT,BOOL,0,,,,-
DO_OpPanel_Ctrl_OFF_OLT,BOOL,0,,,,-
DO_OpPanel_Ctrl_ON_OLT,BOOL,0,,,,-
DO_OpPanel_LampTest_OLT,BOOL,0,,,,-
DO_OpPanel_Manual_OLT,BOOL,0,,,,-
DO_OpPanel_Phase_Stop_OLT,BOOL,0,,,,-
DO_OpPanel_Reset_OLT,BOOL,0,,,,-
DO_P1_LftHeater_SSR,BOOL,0,,,,-
DO_P1_RhtHeater_SSR,BOOL,0,,,,-
DO_P2_LftHeater_SSR,BOOL,0,,,,-
DO_P2_RhtHeater_SSR,BOOL,0,,,,-
DO_P3_LftHeater_SSR,BOOL,0,,,,-
DO_P3_RhtHeater_SSR,BOOL,0,,,,-
DO_Ply1_Blower_Relay_Enable,BOOL,0,,,,-
DO_Ply1_Knife_Drive_SSR_Enable,BOOL,0,,,,-
DO_Ply1_LetOff_Drive_SSR_Enable,BOOL,0,,,,-
DO_Ply2_Blower_Relay_Enable,BOOL,0,,,,-
DO_Ply2_Knife_Drive_SSR_Enable,BOOL,0,,,,-
DO_Ply2_LetOff_Drive_SSR_Enable,BOOL,0,,,,-
DO_Ply3_Blower_Relay_Enable,BOOL,0,,,,-
DO_Ply3_Knife_Drive_SSR_Enable,BOOL,0,,,,-
DO_Ply3_LetOff_Drive_SSR_Enable,BOOL,0,,,,-
DO_Restart_Cycle_OLT,BOOL,0,,,,-
DO_Servicer_EStop_Valve_OSV,BOOL,0,,,,-
DO_SWHeater_SSR,BOOL,0,,,,-
DO_SWHeater_SSR_Pid,BOOL,0,,,,-
DO_SWHeater_SSR_Timer,BOOL,0,,,,-
DO_SW_Conv_Drive_Enable,BOOL,0,,,,-
DO_SW_LetOff_Drive_Enable,BOOL,0,,,,-
DO_TailStock_EStop_Valve_OSV,BOOL,0,,,,-
Do_Ultrasonic_On_Branson,BOOL,0,,,,-
DO_USKnife_OLReset_OUK,BOOL,0,,,,-
DP_AWS_FS,DINT,1,300,0,299,300
Drum_Expanded,BOOL,0,,,,-
DRUM_EXP_CT,REAL,0,,,,-
Drum_Flow_Fdbk_Data1,REAL,1,1000,0,999,1000
Drum_Flow_Rate_Change,REAL,0,,,,-
Drum_Flow_Timer_Data1,REAL,1,1000,0,999,1000
Drum_Flow_Tmr,TIMER,0,,,,-
Drum_HLim,REAL,0,,,,-
Drum_LLim,REAL,0,,,,-
Drum_Moving_before_SW_Cut,BOOL,0,,,,-
Drum_Moving_SemiAuto_SW_Phase,BOOL,0,,,,-
Drum_Servo_Safe_Speed_Channel_A,BOOL,0,,,,-
Drum_Servo_Safe_Speed_Channel_B,BOOL,0,,,,-
Drum_Servo_Safe_Stop_01,BOOL,0,,,,-
Drum_Servo_Safe_Stop_02,BOOL,0,,,,-
Drum_Spot_HLim,REAL,0,,,,-
Drum_Spot_LLim,REAL,0,,,,-
Dsble_trnup,BOOL,0,,,,-
DskStchr_start,BOOL,0,,,,-
dummy555,BOOL,0,,,,-
DummyData,REAL,0,,,,-
ELEMENT_ANALYSIS_0,TIMER,0,,,,-
ELEMENT_ANALYSIS_1,TIMER,0,,,,-
ELEMENT_ANALYSIS_10,TIMER,0,,,,-
ELEMENT_ANALYSIS_11,TIMER,0,,,,-
ELEMENT_ANALYSIS_12,TIMER,0,,,,-
ELEMENT_ANALYSIS_13,TIMER,0,,,,-
ELEMENT_ANALYSIS_14,TIMER,0,,,,-
ELEMENT_ANALYSIS_15,TIMER,0,,,,-
ELEMENT_ANALYSIS_16,TIMER,0,,,,-
ELEMENT_ANALYSIS_17,TIMER,0,,,,-
ELEMENT_ANALYSIS_18,TIMER,0,,,,-
ELEMENT_ANALYSIS_19,TIMER,0,,,,-
ELEMENT_ANALYSIS_2,TIMER,0,,,,-
ELEMENT_ANALYSIS_20,TIMER,0,,,,-
ELEMENT_ANALYSIS_21,TIMER,0,,,,-
ELEMENT_ANALYSIS_22,TIMER,0,,,,-
ELEMENT_ANALYSIS_23,TIMER,0,,,,-
ELEMENT_ANALYSIS_24,TIMER,0,,,,-
ELEMENT_ANALYSIS_25,TIMER,0,,,,-
ELEMENT_ANALYSIS_26,TIMER,0,,,,-
ELEMENT_ANALYSIS_27,TIMER,0,,,,-
ELEMENT_ANALYSIS_28,TIMER,0,,,,-
ELEMENT_ANALYSIS_29,TIMER,0,,,,-
ELEMENT_ANALYSIS_3,TIMER,0,,,,-
ELEMENT_ANALYSIS_30,TIMER,0,,,,-
ELEMENT_ANALYSIS_31,TIMER,0,,,,-
ELEMENT_ANALYSIS_32,TIMER,0,,,,-
ELEMENT_ANALYSIS_4,TIMER,0,,,,-
ELEMENT_ANALYSIS_5,TIMER,0,,,,-
ELEMENT_ANALYSIS_6,TIMER,0,,,,-
ELEMENT_ANALYSIS_7,TIMER,0,,,,-
ELEMENT_ANALYSIS_8,TIMER,0,,,,-
ELEMENT_ANALYSIS_9,TIMER,0,,,,-
EM01_CCDrum,AXIS_CIP_DRIVE,0,,,,-
EM01_CCDrum_FP,AOI_CIPFACEPLATE,0,,,,-
EM02_Turnup_HS,AXIS_CIP_DRIVE,0,,,,-
EM02_Turnup_HS_FP,AOI_CIPFACEPLATE,0,,,,-
EM03_Turnup_TS,AXIS_CIP_DRIVE,0,,,,-
EM03_Turnup_TS_FP,AOI_CIPFACEPLATE,0,,,,-
EM07_IL,AXIS_CIP_DRIVE,0,,,,-
EM07_IL_FP,AOI_CIPFACEPLATE,0,,,,-
EM08_Ply_01,AXIS_CIP_DRIVE,0,,,,-
EM08_Ply_01_FP,AOI_CIPFACEPLATE,0,,,,-
EM09_Ply_02,AXIS_CIP_DRIVE,0,,,,-
EM09_Ply_02_FP,AOI_CIPFACEPLATE,0,,,,-
EM10_ILKNIFE,AXIS_CIP_DRIVE,0,,,,-
EM10_ILKNIFE_FP,AOI_CIPFACEPLATE,0,,,,-
EM11_SW_PP,AXIS_CIP_DRIVE,0,,,,-
EM11_SW_PP_FP,AOI_CIPFACEPLATE,0,,,,-
EM12_RRD_Radial,AXIS_CIP_DRIVE,0,,,,-
EM12_RRD_Radial_FP,AOI_CIPFACEPLATE,0,,,,-
EM13_Broad_Motor_Temp,MESSAGE,0,,,,-
EM13_RRD_Broad,AXIS_CIP_DRIVE,0,,,,-
EM13_RRD_Broad_FP,AOI_CIPFACEPLATE,0,,,,-
EM14_RRD_LeftTurn,AXIS_CIP_DRIVE,0,,,,-
EM14_RRD_LeftTurn_FP,AOI_CIPFACEPLATE,0,,,,-
EM15_RRD_RightTurn,AXIS_CIP_DRIVE,0,,,,-
EM15_RRD_RightTurn_FP,AOI_CIPFACEPLATE,0,,,,-
EM16_Contour_Stitch,AXIS_CIP_DRIVE,0,,,,-
EM16_Contour_Stitch_FP,AOI_CIPFACEPLATE,0,,,,-
EM17_Disk_Stitch,AXIS_CIP_DRIVE,0,,,,-
EM17_Disk_Stitch_FP,AOI_CIPFACEPLATE,0,,,,-
EM18_Ply_03,AXIS_CIP_DRIVE,0,,,,-
EM18_Ply_03_FP,AOI_CIPFACEPLATE,0,,,,-
EM19_SWConv_LH,AXIS_CIP_DRIVE,0,,,,-
EM19_SWConv_LH_FP,AOI_CIPFACEPLATE,0,,,,-
EM20_SWConv_RH,AXIS_CIP_DRIVE,0,,,,-
EM20_SWConv_RH_FP,AOI_CIPFACEPLATE,0,,,,-
EM_Aborting_Done,DINT,0,,,,-
EM_Clearing_Done,DINT,0,,,,-
EM_Fault,EM_FAULTS,1,32,0,31,32
EM_Holding_Done,DINT,0,,,,-
EM_No_Motion,DINT,0,,,,-
EM_Resetting_Done,DINT,0,,,,-
EM_Selected,DINT,0,,,,-
EM_Starting_Done,DINT,0,,,,-
EM_Stopping_Done,DINT,0,,,,-
EM_Suspending_Done,DINT,0,,,,-
EM_UnHolding_Done,DINT,0,,,,-
EM_UnSuspending_Done,DINT,0,,,,-
EntSts_Centering_Unit_Module,DINT,0,,,,-
EntSts_CIP_Module,DINT,0,,,,-
EntSts_Ethernet_Module,DINT,0,,,,-
EntSts_Rio11_Adp,DINT,0,,,,-
EntSts_Rio12_Adp,DINT,0,,,,-
EntSts_RIOs_Module,DINT,0,,,,-
Ethernet_Communication_Fault,BOOL,0,,,,-
Ext_FB36_PN25:I1,_001A:CPX_FB36_8C7D0DFF:I:0,0,,,,-
Ext_FB36_PN25:O1,_001A:CPX_FB36_ADE69366:O:0,0,,,,-
E_Stop_Pressed,BOOL,0,,,,-
Fault_Disk_Stchr_Axis,BOOL,0,,,,-
Fault_Drum_Axis,BOOL,0,,,,-
Fault_IL_Axis,BOOL,0,,,,-
Fault_Ply_1_Axis,BOOL,0,,,,-
Fault_Ply_2_Axis,BOOL,0,,,,-
Fault_RRD_Left_Axis,BOOL,0,,,,-
Fault_RRD_Right_Axis,BOOL,0,,,,-
FB_P1_Mag_Clutch_ON,BOOL,0,,,,-
FCO_MAIN_FLASH1_BIT,BOOL,0,,,,-
FCO_MAIN_FLASH2_BIT,BOOL,0,,,,-
FCO_MAIN_FLASH_BIT,BOOL,0,,,,-
FCO_SAFE_CONTROL_VOLTAGE_ON_DEL_OFF,BOOL,0,,,,-
FDBK_HDW_OT_IN_CHECK_DISABLED_TPRL,BOOL,0,,,,-
FDBK_TPRL_AT_DRUM,BOOL,0,,,,-
FDBK_TPRL_AT_HOME_SWITCH,BOOL,0,,,,-
FDBK_TPRL_AT_PREPOSITION,BOOL,0,,,,-
FDBK_TPRL_AT_REST,BOOL,0,,,,-
FDBK_TPRL_AT_UP,BOOL,0,,,,-
FDBK_TPRL_SET_REFERENCE_ACCEPETED,BOOL,0,,,,-
Feed_Data_PB,BOOL,0,,,,-
FIXED_IL_TRAY_STROKE,DINT,0,,,,-
FLT,DINT,0,,,,-
FS_BEAD_BLOW_CT,REAL,0,,,,-
FS_BEAD_PLACING_CT,REAL,0,,,,-
FS_CONTOUR_CT_MACHINE,REAL,0,,,,-
FS_CONTOUR_CT_MAN,REAL,0,,,,-
FS_DK_CT_MACHINE,REAL,0,,,,-
FS_DK_CT_MAN,REAL,0,,,,-
FS_DRUM_EXP_CT,REAL,0,,,,-
FS_DRUM_ROTATION_CT,REAL,0,,,,-
FS_ESTOP,EMERGENCY_STOP,0,,,,-
FS_ESTOP_ACTIVE,BOOL,0,,,,-
FS_ESTOP_ChannelA,BOOL,0,,,,-
FS_ESTOP_ChannelB,BOOL,0,,,,-
FS_IDLE_CT,REAL,0,,,,-
FS_IL_APPLY_CT,REAL,0,,,,-
FS_IL_APPLY_WT_CT,REAL,0,,,,-
FS_IL_SPLICE_CHECK_CT,REAL,0,,,,-
FS_MACHINE_IDLE_TIME,REAL,0,,,,-
FS_MACHINE_RUN_TIME,REAL,0,,,,-
FS_MAT1_SEQ_CT,REAL,0,,,,-
FS_MAT2_SEQ_CT,REAL,0,,,,-
FS_PLY1_APPLY_CT,REAL,0,,,,-
FS_PLY1_APPLY_WT_CT,REAL,0,,,,-
FS_PLY1_SPLICE_CHECK_CT,REAL,0,,,,-
FS_PLY2_APPLY_CT,REAL,0,,,,-
FS_PLY2_APPLY_WT_CT,REAL,0,,,,-
FS_PLY2_SPLICE_CHECK_CT,REAL,0,,,,-
FS_PLY3_APPLY_CT,REAL,0,,,,-
FS_PLY3_SPLICE_CHECK_CT,REAL,0,,,,-
FS_PRODUCTION,DINT,0,,,,-
FS_REINFORCE_MAT_CT_MACHINE,REAL,0,,,,-
FS_REINFORCE_MAT_CT_MAN,REAL,0,,,,-
FS_RRD_CONTOUR_DISK_CT,REAL,0,,,,-
FS_SET_BEAD_CHECK_CT,REAL,0,,,,-
FS_SET_BEAD_CT,REAL,0,,,,-
FS_SET_BEAD_MACHINE_CT,REAL,0,,,,-
FS_SW_APPLY_CT,REAL,0,,,,-
FS_SW_CT_MACHINE,REAL,0,,,,-
FS_SW_CT_MAN,REAL,0,,,,-
FS_SW_SPLICE_CHECK_CT,REAL,0,,,,-
FS_TRIGGER,TIMER,0,,,,-
FS_TRIGGER_BIT,BOOL,0,,,,-
FS_TS_FW_CT,REAL,0,,,,-
FS_TURN_UP_CT,REAL,0,,,,-
GTL_Code_Selection,BOOL,0,,,,-
GTL_Delay,TIMER,0,,,,-
GT_Code,STRING,0,,,,-
GT_Count,DINT,0,,,,-
GT_Counts,DINT,0,,,,-
HDK,BOOL,0,,,,-
HDK11,BOOL,0,,,,-
HDK_Old_CT_Logic,BOOL,0,,,,-
HDK_Reset,BOOL,0,,,,-
History_count,CONTROL,0,,,,-
HMI,UDT_HMIINTERFACE,0,,,,-
HMI_Axis_Fault,DINT,1,32,0,31,32
HMI_Axis_Manual_Home,DWORD,1,1,0,0,1
HMI_Current_Display_Number,DINT,0,,,,-
HMI_EMP_ChannelA,BOOL,0,,,,-
HMI_EMP_ChannelB,BOOL,0,,,,-
HMI_IL_MAN_Pressure_Apply,BOOL,0,,,,-
HMI_IP_LIST,STRING,1,50,0,49,50
HMI_I_Clear,BOOL,0,,,,-
HMI_I_Hold,BOOL,0,,,,-
HMI_I_JogNegative,BOOL,0,,,,-
HMI_I_JogPositive,BOOL,0,,,,-
HMI_I_Reset,BOOL,0,,,,-
HMI_I_Select_JogAxis,DINT,0,,,,-
HMI_I_Start,BOOL,0,,,,-
HMI_I_Stop,BOOL,0,,,,-
HMI_I_UnHold,BOOL,0,,,,-
HMI_LH_Z2_Actual_Pressure,REAL,0,,,,-
HMI_LH_Z3_Actual_Pressure,REAL,0,,,,-
HMI_LH_Z4_Actual_Pressure,REAL,0,,,,-
HMI_LH_Z5_Actual_Pressure,REAL,0,,,,-
HMI_LH_Z6_Actual_Pressure,REAL,0,,,,-
HMI_MDR_Z1_Width,REAL,0,,,,-
HMI_MDR_Z2_Width,REAL,0,,,,-
HMI_MDR_Z3_Width,REAL,0,,,,-
HMI_MDR_Z4_Width,REAL,0,,,,-
HMI_MDR_Z5_Width,REAL,0,,,,-
HMI_MDR_Z6_Width,REAL,0,,,,-
HMI_Mid_Z1_Actual_Pressure,REAL,0,,,,-
HMI_Mode_Selected,DINT,0,,,,-
HMI_O_MachineSpeed_LIMhi,DINT,0,,,,-
HMI_O_MachineSpeed_LIMlo,DINT,0,,,,-
HMI_O_MachineSpeed_RMP,DINT,0,,,,-
HMI_P1_MAN_Pressure_Apply,BOOL,0,,,,-
HMI_P2_MAN_Pressure_Apply,BOOL,0,,,,-
HMI_P3_MAN_Pressure_Apply,BOOL,0,,,,-
HMI_Remote_Display_Number,DINT,0,,,,-
HMI_RH_Z2_Actual_Pressure,REAL,0,,,,-
HMI_RH_Z3_Actual_Pressure,REAL,0,,,,-
HMI_RH_Z4_Actual_Pressure,REAL,0,,,,-
HMI_RH_Z5_Actual_Pressure,REAL,0,,,,-
HMI_RH_Z6_Actual_Pressure,REAL,0,,,,-
HMI_SW_MAN_Pressure_Apply,BOOL,0,,,,-
HMI_TPRL_MDR_PRESS_MAX,REAL,0,,,,-
HMI_TPRL_MDR_TYPE,DINT,0,,,,-
HMI_UPDATE_TPRL_AXIS_ONS,BOOL,0,,,,-
Home_Pos_Timeout,TIMER,0,,,,-
Home_Sequence_Step_Number,DINT,0,,,,-
HS_BeadSet_Torque_Req,REAL,0,,,,-
I,INT,0,,,,-
IAX_TPRL_ACTUAL_POSITION_MOTOR,REAL,0,,,,-
IAX_TPRL_ACTUAL_VELOCITY,REAL,0,,,,-
IAX_TPRL_ENABLE_INPUT_STATUS,BOOL,0,,,,-
IAX_TPRL_FAULT,BOOL,0,,,,-
IAX_TPRL_GEARING_STATUS,BOOL,0,,,,-
IAX_TPRL_HOMED,BOOL,0,,,,-
IAX_TPRL_HOME_INPUT_STATUS,BOOL,0,,,,-
IAX_TPRL_JOG_TO_APART,BOOL,0,,,,-
IAX_TPRL_JOG_TO_DRUM,BOOL,0,,,,-
IAX_TPRL_JOG_TO_HOME,BOOL,0,,,,-
IAX_TPRL_JOG_TO_PREPOSITION,BOOL,0,,,,-
IAX_TPRL_JOG_TO_TOGETHER,BOOL,0,,,,-
IAX_TPRL_LOOK_FOR_HOME,BOOL,0,,,,-
IAX_TPRL_NEG_LIMIT_INPUT_STATUS,BOOL,0,,,,-
IAX_TPRL_POS_LIMIT_INPUT_STATUS,BOOL,0,,,,-
IAX_TPRL_REG1_INPUT_STATUS,BOOL,0,,,,-
IAX_TPRL_REG2_INPUT_STATUS,BOOL,0,,,,-
IAX_TPRL_SAFE_OFF_STATUS,BOOL,0,,,,-
IAX_TPRL_SERVO_ACTION_STATUS,BOOL,0,,,,-
IAX_TPRL_SET_REFERENCE,BOOL,0,,,,-
IAX_TPRL_VELOCITY_STAND_STILL,BOOL,0,,,,-
IDLE_CT,REAL,0,,,,-
IDLE_DUE_TO_MC,BOOL,0,,,,-
Idle_Reason,DINT,0,,,,-
Idle_Time_C,TIMER,0,,,,-
IDLE_TIME_DAY_CAPTURED,DINT,0,,,,-
IDLE_TIME_DAY_START_HISTORY,DINT,1,30,0,29,30
IDLE_TIME_DAY_ST_HISTORY,CONTROL,0,,,,-
IDLE_TIME_HOUR,DINT,0,,,,-
IDLE_TIME_HOUR_CAPTURED,DINT,0,,,,-
IDLE_TIME_HOUR_END,DINT,0,,,,-
IDLE_TIME_HOUR_END_HISTORY,DINT,1,30,0,29,30
IDLE_TIME_HOUR_START_HISTORY,DINT,1,30,0,29,30
IDLE_TIME_HR_END_HISTORY,CONTROL,0,,,,-
IDLE_TIME_HR_START_HISTORY,CONTROL,0,,,,-
IDLE_TIME_MINUTE,DINT,0,,,,-
IDLE_TIME_MINUTE_CAPTURED,DINT,0,,,,-
IDLE_TIME_MINUTE_END,DINT,0,,,,-
IDLE_TIME_MINUTE_END_HISTORY,DINT,1,30,0,29,30
IDLE_TIME_MINUTE_START_HISTORY,DINT,1,30,0,29,30
IDLE_TIME_MIN_END_HISTORY,CONTROL,0,,,,-
IDLE_TIME_MIN_START_HISTORY,CONTROL,0,,,,-
IDLE_TIME_MONTH_CAPTURED,DINT,0,,,,-
IDLE_TIME_MONTH_START_HISTORY,DINT,1,30,0,29,30
IDLE_TIME_MON_START_HISTORY,CONTROL,0,,,,-
Idle_Time_Rto,TIMER,0,,,,-
IDLE_TIME_SECONDS,DINT,0,,,,-
IDLE_TIME_SECONDS_CAPTURED,DINT,0,,,,-
IDLE_TIME_SECONDS_END,DINT,0,,,,-
IDLE_TIME_SECONDS_END_HISTORY,DINT,1,30,0,29,30
IDLE_TIME_SECONDS_START_HISTORY,DINT,1,30,0,29,30
IDLE_TIME_SEC_END_HISTORY,CONTROL,0,,,,-
IDLE_TIME_SEC_START_HISTORY,CONTROL,0,,,,-
IDLE_TIME_SHIFT_HISTORY,STRING,1,30,0,29,30
IDLE_TIME_SHIFT_ST_HISTORY,CONTROL,0,,,,-
IDLE_TIME_STARTED,BOOL,0,,,,-
IDLE_TIME_YEAR_CAPTURED,DINT,0,,,,-
IDLE_TIME_YEAR_START_HISTORY,DINT,1,30,0,29,30
IDLE_TIME_YR_START_HISTORY,CONTROL,0,,,,-
IL:S,AB:MOTION_DIAGNOSTICS:S:1,0,,,,-
IL_Act_Mat_Length,REAL,0,,,,-
IL_ACT_WIDTH,REAL,0,,,,-
IL_APPLY_CT,REAL,0,,,,-
IL_APPLY_OP_DELAY_TIME,REAL,0,,,,-
IL_APPLY_PERMISSION,BOOL,0,,,,-
IL_APPLY_WT_CT,REAL,0,,,,-
IL_APP_IN_PROGRESS,BOOL,0,,,,-
IL_centering_Actual_Pos,REAL,0,,,,-
IL_centering_Both_Sens_Selctd,BOOL,0,,,,-
IL_centering_End_Pos_Left,BOOL,0,,,,-
IL_centering_End_Pos_Right,BOOL,0,,,,-
il_centering_guide_write,TOGGLE,0,,,,-
IL_centering_in_Auto,BOOL,0,,,,-
IL_centering_in_Auto_Locked,BOOL,0,,,,-
IL_centering_in_Centre_Pos,BOOL,0,,,,-
IL_centering_in_Manual,BOOL,0,,,,-
IL_centering_Jog_Left,BOOL,0,,,,-
IL_centering_Jog_Right,BOOL,0,,,,-
il_Centering_Mode_Req,DINT,0,,,,-
il_Centering_Mode_Sts,DINT,0,,,,-
IL_centering_Near_End_Pos_Left,BOOL,0,,,,-
IL_centering_Near_End_Pos_Right,BOOL,0,,,,-
IL_centering_Offset,REAL,0,,,,-
IL_centering_Offset_Act,REAL,0,,,,-
il_centering_Offset_Set,BOOL,0,,,,-
IL_centering_Pos_Rchd,BOOL,0,,,,-
IL_Centering_Unit,SINT,0,,,,-
IL_Centering_Unit:C,AB:ETHERNET_MODULE:C:0,0,,,,-
IL_Centering_Unit:I,AB:ETHERNET_MODULE_INT_64BYTES:I:0,0,,,,-
IL_Centering_Unit:O,AB:ETHERNET_MODULE_INT_64BYTES:O:0,0,,,,-
IL_Centering_Unit_Module_Ok,BOOL,0,,,,-
IL_CONVEYOR_BELT_LIFE,DINT,0,,,,-
IL_CS_ESTOP_ACTIVE,BOOL,0,,,,-
IL_CT_Stop,BOOL,0,,,,-
IL_CUTTER_COOL_AIR,BOOL,0,,,,-
IL_Cutter_Life,DINT,0,,,,-
IL_Cutter_SafetyCurtain_Active,BOOL,0,,,,-
IL_Cutter_SafetyCurtain_Interrupted,BOOL,0,,,,-
IL_CUTTER_SET_LIMIT,DINT,0,,,,-
IL_Cutting_Count,COUNTER,0,,,,-
IL_Cutting_Done_ONS,BOOL,0,,,,-
IL_Dinner,REAL,0,,,,-
IL_Douter,REAL,0,,,,-
IL_FEED_CON_BELT_LIFE,REAL,0,,,,-
IL_Fill_Factor,REAL,0,,,,-
IL_GU:I,_001A:EMCA_EC_67_X_XXX_EP_E8411017:I:0,0,,,,-
IL_GU:O,_001A:EMCA_EC_67_X_XXX_EP_C9DA8E8E:O:0,0,,,,-
IL_GUIDE,AOI_FESTOCONTROL,0,,,,-
IL_guide_jog_Allow,BOOL,0,,,,-
IL_GUIDE_JOG_MAX_PB,BOOL,0,,,,-
IL_GUIDE_JOG_MIN_PB,BOOL,0,,,,-
IL_GU_CALIB,AOI_FESTOCALIBRATION,0,,,,-
IL_GU_DT_FML_STATUS,DT_FML_STATUS,0,,,,-
IL_GU_FHPP_CTRL,FHPP_CTRL,0,,,,-
IL_GU_FHPP_PLUS,FHPP_PLUS,0,,,,-
IL_GU_FML_READ,FML_READ,0,,,,-
IL_GU_FML_READ_STATUS,DT_FML_STATUS,0,,,,-
IL_GU_FML_REF,DT_FML_REF,0,,,,-
IL_GU_FML_WRITE,FML_WRITE,0,,,,-
IL_GU_FML_WRITE_STATUS,DT_FML_STATUS,0,,,,-
IL_GU_JOG_MAX,BOOL,0,,,,-
IL_GU_JOG_MIN,BOOL,0,,,,-
IL_GU_MOVE_TO_POS,BOOL,0,,,,-
IL_GU_TO_HOMEVALID,BOOL,0,,,,-
IL_GU_TO_ZERO_POS,BOOL,0,,,,-
IL_HEIGHT,AOI_FESTOCONTROL,0,,,,-
IL_HEIGHT_CALIB,AOI_FESTOCALIBRATION,0,,,,-
IL_Height_Pos_HLim,REAL,0,,,,-
IL_Height_Pos_LLim,REAL,0,,,,-
IL_Height_Pos_Prev,REAL,0,,,,-
IL_Hmi_Cam_Input,CAM,1,150,0,149,150
IL_Knife:S,AB:MOTION_DIAGNOSTICS:S:1,0,,,,-
IL_Knife_Cut_Complete,BOOL,0,,,,-
IL_KNIFE_MAX_TQ,REAL,0,,,,-
IL_KNIFE_MIN_TQ,REAL,0,,,,-
IL_Knife_SS_End_Pos,REAL,0,,,,-
IL_KNIFE_TQ_FB,REAL,0,,,,-
IL_KNIFE_TQ_RESET,BOOL,0,,,,-
IL_KNIFE_WARNING,BOOL,0,,,,-
IL_LetOff,AOI_LETOFFCONTROL,0,,,,-
IL_LetOff:I,AB:POWERFLEX70EC_49A2F517:I:0,0,,,,-
IL_LetOff:O,AB:POWERFLEX70EC_942C105B:O:0,0,,,,-
IL_LetOffCycleTimeFault,BOOL,0,,,,-
IL_Letoff_Empty,BOOL,0,,,,-
IL_LetOff_FaultCode,DINT,0,,,,-
IL_LetOff_FP,PFLEX_70EC_AOI,0,,,,-
IL_Letoff_HMI_Pop,BOOL,0,,,,-
IL_Letoff_Near_To_Empty,BOOL,0,,,,-
IL_Letoff_SafetyCurtain_Active,BOOL,0,,,,-
IL_LetOff_Status,DINT,0,,,,-
IL_PLY_COMBINE_COUNTER,COUNTER,0,,,,-
il_ply_gear,BOOL,0,,,,-
il_ply_ones,BOOL,0,,,,-
IL_PLY_TOGETHER_ENABLE,BOOL,0,,,,-
IL_PLY_TOGETHER_SPOTTING_TIMER,TIMER,0,,,,-
IL_PLY_TOGETHER_WRAP_ANGLE,REAL,0,,,,-
IL_PREPARATION_CMPLT,BOOL,0,,,,-
IL_Prep_InProgrss,BOOL,0,,,,-
IL_Previous_ONS,BOOL,0,,,,-
IL_Safety_Reset_IPB,BOOL,0,,,,-
IL_Slow_Cut,BOOL,0,,,,-
IL_SPLICE_CHECK,BOOL,0,,,,-
IL_SPLICE_CHECK_CT,REAL,0,,,,-
IL_Thickness_Liner,REAL,0,,,,-
IL_Thickness_Mat,REAL,0,,,,-
IL_TRAY:I,_001A:EMCA_EC_67_X_XXX_EP_E8411017:I:0,0,,,,-
IL_TRAY:O,_001A:EMCA_EC_67_X_XXX_EP_C9DA8E8E:O:0,0,,,,-
IL_TRAY_BELT_LIFE,DINT,0,,,,-
IL_TRAY_DT_FML_STATUS,DT_FML_STATUS,0,,,,-
IL_TRAY_FHPP_CTRL,FHPP_CTRL,0,,,,-
IL_TRAY_FHPP_CTRL_CLEAR_FAULT,BOOL,0,,,,-
IL_TRAY_FHPP_CTRL_DISABLE,BOOL,0,,,,-
IL_TRAY_FHPP_CTRL_ENABLE,BOOL,0,,,,-
IL_TRAY_FHPP_PLUS,FHPP_PLUS,0,,,,-
IL_TRAY_FML_READ,FML_READ,0,,,,-
IL_TRAY_FML_READ_STATUS,DT_FML_STATUS,0,,,,-
IL_TRAY_FML_REF,DT_FML_REF,0,,,,-
IL_TRAY_FML_WRITE,FML_WRITE,0,,,,-
IL_TRAY_FML_WRITE_STATUS,DT_FML_STATUS,0,,,,-
IL_Tray_Height_Actual,REAL,0,,,,-
IL_TRAY_HEIGHT_ACTUAL_POS,REAL,0,,,,-
IL_TRAY_HEIGHT_CMD_DEG,REAL,0,,,,-
IL_TRAY_MAX_TQ,REAL,0,,,,-
IL_TRAY_MIN_TQ,REAL,0,,,,-
IL_TRAY_TQ_FB,REAL,0,,,,-
IL_TRAY_TQ_RESET,BOOL,0,,,,-
IL_TR_HOMEVALID,BOOL,0,,,,-
IL_TR_JOG_DOWN,BOOL,0,,,,-
IL_TR_JOG_UP,BOOL,0,,,,-
IL_TR_MOTOR_ACTUAL_POS,REAL,0,,,,-
IL_TR_MOVE_TO_POS,BOOL,0,,,,-
IL_TR_TO_POS,BOOL,0,,,,-
IL_TR_TO_ZERO_POS,BOOL,0,,,,-
IL_TS_ESTOP_ACTIVE,BOOL,0,,,,-
IL_Ultrasonic_Generator_Act_Amp,REAL,0,,,,-
IL_Ultrasonic_Generator_Power,REAL,0,,,,-
IL_Ultrasonic_Gen_Power_Counts,REAL,0,,,,-
IL_Z1_ACTIVE,BOOL,0,,,,-
IL_Z2_ACTIVE,BOOL,0,,,,-
IL_Z3_ACTIVE,BOOL,0,,,,-
IL_Z4_ACTIVE,BOOL,0,,,,-
IL_Z5_ACTIVE,BOOL,0,,,,-
IL_Z6_ACTIVE,BOOL,0,,,,-
index,DINT,0,,,,-
INNERLINER_APPLY_CYCLE_TIME,REAL,0,,,,-
Insert_Beads_Finish_Time,DATETIME_TYPE,0,,,,-
INSERT_BEAD_PLACING,BOOL,0,,,,-
Inter_Feed_Delay,TIMER,0,,,,-
IOP_PVC_TR_XCCDR_TOR_REF_MAX_RESET,BOOL,0,,,,-
IOP_PVC_TR_XCCDR_TOR_REF_MIN_RESET,BOOL,0,,,,-
IOP_PVC_TR_XCONT_ST_TOR_REF_MAX_RESET,BOOL,0,,,,-
IOP_PVC_TR_XCONT_ST_TOR_REF_MIN_RESET,BOOL,0,,,,-
IOP_PVC_TR_XDISK_ST_TOR_REF_MAX_RESET,BOOL,0,,,,-
IOP_PVC_TR_XDISK_ST_TOR_REF_MIN_RESET,BOOL,0,,,,-
IOP_PVC_TR_XILKNIFE_TOR_REF_MAX_RESET,BOOL,0,,,,-
IOP_PVC_TR_XILKNIFE_TOR_REF_MIN_RESET,BOOL,0,,,,-
IOP_PVC_TR_XIL_TOR_REF_MAX_RESET,BOOL,0,,,,-
IOP_PVC_TR_XIL_TOR_REF_MIN_RESET,BOOL,0,,,,-
IOP_PVC_TR_XPLY1_TOR_REF_MAX_RESET,BOOL,0,,,,-
IOP_PVC_TR_XPLY1_TOR_REF_MIN_RESET,BOOL,0,,,,-
IOP_PVC_TR_XPLY2_TOR_REF_MAX_RESET,BOOL,0,,,,-
IOP_PVC_TR_XPLY2_TOR_REF_MIN_RESET,BOOL,0,,,,-
IOP_PVC_TR_XPLY3_TOR_REF_MAX_RESET,BOOL,0,,,,-
IOP_PVC_TR_XPLY3_TOR_REF_MIN_RESET,BOOL,0,,,,-
IOP_PVC_TR_XRRD_B_TOR_REF_MAX_RESET,BOOL,0,,,,-
IOP_PVC_TR_XRRD_B_TOR_REF_MIN_RESET,BOOL,0,,,,-
IOP_PVC_TR_XRRD_L_TOR_REF_MAX_RESET,BOOL,0,,,,-
IOP_PVC_TR_XRRD_L_TOR_REF_MIN_RESET,BOOL,0,,,,-
IOP_PVC_TR_XRRD_RAD_TOR_REF_MAX_RESET,BOOL,0,,,,-
IOP_PVC_TR_XRRD_RAD_TOR_REF_MIN_RESET,BOOL,0,,,,-
IOP_PVC_TR_XRRD_R_TOR_REF_MAX_RESET,BOOL,0,,,,-
IOP_PVC_TR_XRRD_R_TOR_REF_MIN_RESET,BOOL,0,,,,-
IOP_PVC_TR_XSW_CV_LH_TOR_REF_MAX_RESET,BOOL,0,,,,-
IOP_PVC_TR_XSW_CV_LH_TOR_REF_MIN_RESET,BOOL,0,,,,-
IOP_PVC_TR_XSW_CV_RH_TOR_REF_MAX_RESET,BOOL,0,,,,-
IOP_PVC_TR_XSW_CV_RH_TOR_REF_MIN_RESET,BOOL,0,,,,-
IOP_PVC_TR_XSW_PP_TOR_REF_MAX_RESET,BOOL,0,,,,-
IOP_PVC_TR_XSW_PP_TOR_REF_MIN_RESET,BOOL,0,,,,-
IOP_PVC_TR_XTPRL_TOR_REF_MAX_RESET,BOOL,0,,,,-
IOP_PVC_TR_XTPRL_TOR_REF_MIN_RESET,BOOL,0,,,,-
IOP_PVC_TR_XTURNUP_HS_TOR_REF_MAX_RESET,BOOL,0,,,,-
IOP_PVC_TR_XTURNUP_HS_TOR_REF_MIN_RESET,BOOL,0,,,,-
IOP_PVC_TR_XTURNUP_TS_TOR_REF_MAX_RESET,BOOL,0,,,,-
IOP_PVC_TR_XTURNUP_TS_TOR_REF_MIN_RESET,BOOL,0,,,,-
IPX_TPRL_HOME_INPUT_STATUS,BOOL,0,,,,-
iQ_01:C,AB:ETHERNET_MODULE:C:0,0,,,,-
iQ_01:I,AB:ETHERNET_MODULE_DINT_48BYTES:I:0,0,,,,-
iQ_01:O,AB:ETHERNET_MODULE_DINT_8BYTES:O:0,0,,,,-
iQ_data,IQ_PROBE_UDT,0,,,,-
IQ_Status,DINT,0,,,,-
jigar,BOOL,0,,,,-
K,INT,0,,,,-
LampLight_FastFlashing,BOOL,0,,,,-
LampLight_FlashRate,TIMER,1,5,0,4,5
LampLight_SlowFlashing,BOOL,0,,,,-
LASER_CALIB,AOI_FESTOCALIBRATION,0,,,,-
Laser_Home_Wait,TIMER,0,,,,-
LASER_LIGHT,AOI_FESTOCONTROL,0,,,,-
LASER_LIGHT:I,_001A:EMCA_EC_67_X_XXX_EP_E8411017:I:0,0,,,,-
LASER_LIGHT:O,_001A:EMCA_EC_67_X_XXX_EP_C9DA8E8E:O:0,0,,,,-
LASER_LIGHT_DT_FML_STATUS,DT_FML_STATUS,0,,,,-
Laser_Light_Enable,BOOL,0,,,,-
LASER_LIGHT_FHPP_CTRL,FHPP_CTRL,0,,,,-
LASER_LIGHT_FHPP_CTRL_ACTUAL_POSITION,REAL,0,,,,-
LASER_LIGHT_FHPP_PLUS,FHPP_PLUS,0,,,,-
LASER_LIGHT_FML_READ,FML_READ,0,,,,-
LASER_LIGHT_FML_READ_STATUS,DT_FML_STATUS,0,,,,-
LASER_LIGHT_FML_REF,DT_FML_REF,0,,,,-
LASER_LIGHT_FML_WRITE,FML_WRITE,0,,,,-
LASER_LIGHT_FML_WRITE_STATUS,DT_FML_STATUS,0,,,,-
LASER_LIGHT_JOG_MAX,BOOL,0,,,,-
LASER_LIGHT_JOG_MIN,BOOL,0,,,,-
LASER_LIGHT_MOVE_TO_POS,BOOL,0,,,,-
Laser_Light_OnOff,TOGGLE,0,,,,-
LASER_LIGHT_TO_HOMEVALID,BOOL,0,,,,-
LASER_LIGHT_TO_ZERO_POS,BOOL,0,,,,-
LASER_MAX_TQ,REAL,0,,,,-
LASER_MIN_TQ,REAL,0,,,,-
Laser_Off,BOOL,0,,,,-
Laser_On,BOOL,0,,,,-
Laser_Pos_HLim,REAL,0,,,,-
Laser_Pos_LLim,REAL,0,,,,-
Laser_Pos_Prev,REAL,0,,,,-
LASER_TQ_FB,REAL,0,,,,-
LASER_TQ_RESET,BOOL,0,,,,-
Left_Bladder_Hi_Pr,TIMER,0,,,,-
Left_Bladder_Set_Pressure,REAL,0,,,,-
Letoff_Loading,BOOL,0,,,,-
LH_Zone1_Pressure,REAL,0,,,,-
LH_Zone2_Pressure,REAL,0,,,,-
LH_Zone3_Pressure,REAL,0,,,,-
LH_Zone4_Pressure,REAL,0,,,,-
LH_Zone5_Pressure,REAL,0,,,,-
LH_Zone6_Pressure,REAL,0,,,,-
LIFO_Chk,PRO_LOG,1,10,0,9,10
Load_Datalog,STRING,0,,,,-
Logix_Status,LOGIX_STATUS_FP,0,,,,-
Log_data,BOOL,0,,,,-
LT_Turnup_Ring_Parking_Pos,BOOL,0,,,,-
LT_Turnup_Ring_Parking_Pos_HLim,REAL,0,,,,-
LT_Turnup_Ring_Parking_Pos_LLim,REAL,0,,,,-
Machine_Auto_Mode,BOOL,0,,,,-
Machine_Data,STRING,1,10,0,9,10
Machine_Healthy_in_Manual_Mode,BOOL,0,,,,-
Machine_Mode_Manual,BOOL,0,,,,-
Machine_RunStateActive,BOOL,0,,,,-
MAG_Acc,REAL,0,,,,-
MainMachine_SafetyCurtain_Active,BOOL,0,,,,-
MAIN_MACHINE_LIGHT_CURTAIN_ACTIVE,BOOL,0,,,,-
Main_Machine_Sequence,DINT,0,,,,-
Main_Panel_Temp,BOOL,0,,,,-
MAJ_DIR_FWD,INT,0,,,,-
MAM_MOVE_ABS,DINT,0,,,,-
MANUAL_APPLY_CYCLE_TIME_FIRST,REAL,0,,,,-
MANUAL_RESET_IL_CONVEYOR,BOOL,0,,,,-
MANUAL_RESET_IL_TRAY,BOOL,0,,,,-
MANUAL_RESET_PLY_1_CONVEYOR,BOOL,0,,,,-
MANUAL_RESET_PLY_1_TRAY,BOOL,0,,,,-
MANUAL_RESET_PLY_2_CONVEYOR,BOOL,0,,,,-
MANUAL_RESET_PLY_2_TRAY,BOOL,0,,,,-
MANUAL_RESET_SW_LO_CONVEYOR,BOOL,0,,,,-
Manual_Safety_Interupted,BOOL,0,,,,-
Manual_Safety_Intrupted,BOOL,0,,,,-
MAN_INTERRUPTION,BOOL,0,,,,-
MAT1_APPLY_OP_DELAY_TIME,REAL,0,,,,-
MAT1_SEQ_CT,REAL,0,,,,-
MAT2_SEQ_CT,REAL,0,,,,-
Material_Code,STRING,1,20,0,19,20
MatSel,DINT,0,,,,-
Mat_IL_Sel,BOOL,0,,,,-
Mat_P1_Sel,BOOL,0,,,,-
Mat_P2_Sel,BOOL,0,,,,-
Mat_P3_Sel,BOOL,0,,,,-
Mat_SW_Sel,BOOL,0,,,,-
MCCnfg_HMI_CC_PRESENT,BOOL,0,,,,-
MCD_pvp_act_scr_no,DINT,0,,,,-
MC_Friction,REAL,1,6,0,5,6
MDR_Z2_Width,REAL,0,,,,-
MDR_Z3_Width,REAL,0,,,,-
MDR_Z4_Width,REAL,0,,,,-
MDR_Z5_Width,REAL,0,,,,-
MDR_Z6_Width,REAL,0,,,,-
Memory_Message,MESSAGE,0,,,,-
MEM_TPRL_NEG_LIMIT_SENSED,BOOL,0,,,,-
MEM_TPRL_POS_LIMIT_SENSED,BOOL,0,,,,-
MINIMUM_CYCLE_TIME,DINT,0,,,,-
minimum_ply_spotting_for_combine_appl,DINT,0,,,,-
MissingCondition_LocalMSG_Code,DINT,1,25,0,24,25
MissingCondition_LocalMSG_Index,INT,0,,,,-
MIS_ONS,DINT,0,,,,-
MI_TPRL_ER,BOOL,0,,,,-
MI_TPRL_JOG_TO_DRUM,MOTION_INSTRUCTION,0,,,,-
MI_TPRL_JOG_TO_HOME,MOTION_INSTRUCTION,0,,,,-
MI_TPRL_JOG_TO_PREPOSITION,MOTION_INSTRUCTION,0,,,,-
MI_TPRL_MAM_ABS_MOVE,MOTION_INSTRUCTION,0,,,,-
MI_TurnUp_HS_Axis_MAM,MOTION_INSTRUCTION,1,10,0,9,10
MotionGroup_STG01,MOTION_GROUP,0,,,,-
MOVE_TO_HISTORY,BOOL,0,,,,-
MPC_Used,BOOL,0,,,,-
MP_ONS,DINT,1,5,0,4,5
MSG_HDW_OT_IN_CHECK_TPRL,MESSAGE,0,,,,-
MSG_HDW_OT_IN_GET_STS_TPRL,MESSAGE,0,,,,-
MSG_HDW_OT_IN_UNCHECK_TPRL,MESSAGE,0,,,,-
myons,BOOL,0,,,,-
Next_Phase_IL,BOOL,0,,,,-
Next_Phase_P1,BOOL,0,,,,-
Next_Phase_P2,BOOL,0,,,,-
Next_Phase_P3,BOOL,0,,,,-
Next_Phase_SW,BOOL,0,,,,-
Not_in_Line,DINT,1,32,0,31,32
NoUseInt,INT,0,,,,-
No_OrdrNo,BOOL,0,,,,-
nullstring5,STRING5,0,,,,-
ONS1,DINT,0,,,,-
ONS3,DINT,0,,,,-
ONS_Aux,DWORD,1,1,0,0,1
ONS_Guide,INT,0,,,,-
ONS_MC_RESET,BOOL,0,,,,-
ONS_Rec,BOOL,0,,,,-
ONS_SW,DWORD,1,1,0,0,1
ONS_TPRL_OT_OVERRIDE,BOOL,0,,,,-
ons_TRIGGER,BOOL,0,,,,-
Oper_IL_Apply_Offset,REAL,0,,,,-
Oper_P1_Apply_Offset,REAL,0,,,,-
Oper_P2_Apply_Offset,REAL,0,,,,-
Oper_P3_Apply_Offset,REAL,0,,,,-
Oper_SW_Apply_Offset,REAL,0,,,,-
OPER_TPRL_IL_APPLY_OFFSET,REAL,0,,,,-
OPER_TPRL_P1_APPLY_OFFSET,REAL,0,,,,-
OPER_TPRL_P2_APPLY_OFFSET,REAL,0,,,,-
OPER_TPRL_P3_APPLY_OFFSET,REAL,0,,,,-
OPER_TPRL_SW_APPLY_OFFSET,REAL,0,,,,-
OSR_CD_CIP_CONN_OK_TO_RUN_OB,BOOL,0,,,,-
OSR_CD_CIP_CONN_OK_TO_RUN_SB,BOOL,0,,,,-
P15_BC_Scanned,BOOL,0,,,,-
P1_ACT_WIDTH,REAL,0,,,,-
P1_CON_BELT_LIFE,REAL,0,,,,-
P1_CT_Stop,BOOL,0,,,,-
P1_Gear_W_Drum_1,BOOL,0,,,,-
P1_Gear_W_Drum_ons,BOOL,0,,,,-
P1_Heater_Off,TIMER,0,,,,-
P1_Heater_On,TIMER,0,,,,-
P1_Heater_SSR_Pid,BOOL,0,,,,-
P1_Heater_SSR_Timer,BOOL,0,,,,-
P1_LftHeater_Pid,BOOL,0,,,,-
P1_Prep_Inprgrss,BOOL,0,,,,-
P1_RhtHeater_Pid,BOOL,0,,,,-
P1_TRAY_BELT_LIFE,REAL,0,,,,-
P1_Z1_ACTIVE,BOOL,0,,,,-
P1_Z2_ACTIVE,BOOL,0,,,,-
P1_Z3_ACTIVE,BOOL,0,,,,-
P1_Z4_ACTIVE,BOOL,0,,,,-
P1_Z5_ACTIVE,BOOL,0,,,,-
P1_Z6_ACTIVE,BOOL,0,,,,-
P2_CON_BELT_LIFE,REAL,0,,,,-
P2_CT_Stop,BOOL,0,,,,-
P2_Heater_Off,TIMER,0,,,,-
P2_Heater_On,TIMER,0,,,,-
P2_Heater_SSR_Timer,BOOL,0,,,,-
P2_Knife_Tmr,TIMER,0,,,,-
P2_LftHeater_Pid,BOOL,0,,,,-
P2_Prep_Inprgrss,BOOL,0,,,,-
P2_RhtHeater_Pid,BOOL,0,,,,-
P2_TRAY_BELT_LIFE,REAL,0,,,,-
P2_Z1_ACTIVE,BOOL,0,,,,-
P2_Z2_ACTIVE,BOOL,0,,,,-
P2_Z3_ACTIVE,BOOL,0,,,,-
P2_Z4_ACTIVE,BOOL,0,,,,-
P2_Z5_ACTIVE,BOOL,0,,,,-
P2_Z6_ACTIVE,BOOL,0,,,,-
P3_CT_Stop,BOOL,0,,,,-
P3_Heater_Off,TIMER,0,,,,-
P3_Heater_On,TIMER,0,,,,-
P3_Heater_SSR_Timer,BOOL,0,,,,-
P3_LftHeater_Pid,BOOL,0,,,,-
P3_RhtHeater_Pid,BOOL,0,,,,-
P3_Z1_ACTIVE,BOOL,0,,,,-
P3_Z2_ACTIVE,BOOL,0,,,,-
P3_Z3_ACTIVE,BOOL,0,,,,-
P3_Z4_ACTIVE,BOOL,0,,,,-
P3_Z5_ACTIVE,BOOL,0,,,,-
P3_Z6_ACTIVE,BOOL,0,,,,-
Part_Man,TIMER,0,,,,-
PAR_CARCASS_DRUM_DIA,REAL,0,,,,-
PAR_CARCASS_DRUM_RADIUS,REAL,0,,,,-
Par_Cmd_Calibrate_IL_guide,BOOL,0,,,,-
Par_Cmd_Calibrate_IL_Height,BOOL,0,,,,-
Par_Cmd_Calibrate_Laser,BOOL,0,,,,-
Par_Cmd_Calibrate_Ply1_Angle,BOOL,0,,,,-
Par_Cmd_Calibrate_Ply1_guide,BOOL,0,,,,-
Par_Cmd_Calibrate_Ply1_Height,BOOL,0,,,,-
Par_Cmd_Calibrate_Ply2_Angle,BOOL,0,,,,-
Par_Cmd_Calibrate_Ply2_guide,BOOL,0,,,,-
Par_Cmd_Calibrate_Ply2_Height,BOOL,0,,,,-
Par_Cmd_Calibrate_Ply3_Angle,BOOL,0,,,,-
Par_Cmd_Calibrate_Ply3_guide,BOOL,0,,,,-
Par_Cmd_Calibrate_Ply3_Height,BOOL,0,,,,-
Par_Contour_Stitcher_Hi_Pressure,REAL,0,,,,-
Par_Contour_Stitcher_Hi_Pressure_Time,REAL,0,,,,-
Par_Contour_Stitcher_Lo_Pressure,REAL,0,,,,-
Par_Disk_Stitcher_Hi_Pressure,REAL,0,,,,-
Par_Disk_Stitcher_Hi_Pressure_Time,REAL,0,,,,-
Par_Disk_Stitcher_Lo_Pressure,REAL,0,,,,-
Par_HS_Bead_Set_Pos_UnSafe,BOOL,0,,,,-
Par_Left_Bladder_Hi_Pressure,REAL,0,,,,-
Par_Left_Bladder_Hi_Pressure_Time,REAL,0,,,,-
Par_Left_Bladder_Lo_Pressure,REAL,0,,,,-
Par_Right_Bladder_Hi_Pressure,REAL,0,,,,-
Par_Right_Bladder_Hi_Pressure_Time,REAL,0,,,,-
Par_Right_Bladder_Lo_Pressure,REAL,0,,,,-
Par_RRD_Blader_Pressure,REAL,0,,,,-
Par_TopRoll_Hi_Pressure,REAL,0,,,,-
Par_TopRoll_Lo_Pressure,REAL,0,,,,-
PAR_TPRL_APPLICATION_POSITION,REAL,0,,,,-
PAR_TPRL_DOWN_POSITION,REAL,0,,,,-
PAR_TPRL_DOWN_POSITION_CHECK,REAL,0,,,,-
PAR_TPRL_HOME_POSITION,REAL,0,,,,-
PAR_TPRL_MULTIDISK_DIA,REAL,0,,,,-
PAR_TPRL_MULTIDISK_RADIUS,REAL,0,,,,-
PAR_TPRL_PREPOSITION,REAL,0,,,,-
PAR_TPRL_PROGRAMED_PRE_POSITION,REAL,0,,,,-
Par_TS_Bead_Set_Pos_UnSafe,BOOL,0,,,,-
Ph0_CT,DINT,0,,,,-
Ph0_CT_HMI,DINT,0,,,,-
PH0_CYCLE_TIME_0,DINT,0,,,,-
Ph0_Cycle_Time_HMI,REAL,0,,,,-
Ph0_Cycle_Time_MACHINE,DINT,0,,,,-
Ph0_Cycle_Time_MAN,DINT,0,,,,-
Ph10_Cycle_Time,DINT,0,,,,-
PH10_CYCLE_TIME_10,DINT,0,,,,-
Ph10_Cycle_Time_HMI,REAL,0,,,,-
Ph10_Cycle_Time_MACHINE,DINT,0,,,,-
Ph10_Cycle_Time_MAN,DINT,0,,,,-
Ph11_Cycle_Time,DINT,0,,,,-
PH11_CYCLE_TIME_11,DINT,0,,,,-
Ph11_Cycle_Time_HMI,REAL,0,,,,-
Ph11_Cycle_Time_MACHINE,DINT,0,,,,-
Ph11_Cycle_Time_MAN,DINT,0,,,,-
Ph12_Cycle_Time,DINT,0,,,,-
Ph1_CT,DINT,0,,,,-
Ph1_CT_HMI,DINT,0,,,,-
PH1_CYCLE_TIME_1,DINT,0,,,,-
Ph1_Cycle_Time_HMI,REAL,0,,,,-
Ph1_Cycle_Time_MACHINE,DINT,0,,,,-
Ph1_Cycle_Time_MAN,DINT,0,,,,-
PH2_CYCLE_TIME_2,DINT,0,,,,-
Ph2_Cycle_Time_HMI,REAL,0,,,,-
Ph2_Cycle_Time_MACHINE,DINT,0,,,,-
Ph2_Cycle_Time_MAN,DINT,0,,,,-
PH3_CYCLE_TIME_3,DINT,0,,,,-
Ph3_Cycle_Time_HMI,REAL,0,,,,-
Ph3_Cycle_Time_MACHINE,DINT,0,,,,-
Ph3_Cycle_Time_MAN,DINT,0,,,,-
PH4_CYCLE_TIME_4,DINT,0,,,,-
Ph4_Cycle_Time_HMI,REAL,0,,,,-
Ph4_Cycle_Time_MACHINE,DINT,0,,,,-
Ph4_Cycle_Time_MAN,DINT,0,,,,-
PH5_CYCLE_TIME_5,DINT,0,,,,-
Ph5_Cycle_Time_HMI,REAL,0,,,,-
Ph5_Cycle_Time_MACHINE,DINT,0,,,,-
Ph5_Cycle_Time_MAN,DINT,0,,,,-
PH6_CYCLE_TIME_6,DINT,0,,,,-
Ph6_Cycle_Time_HMI,REAL,0,,,,-
Ph6_Cycle_Time_MACHINE,DINT,0,,,,-
Ph6_Cycle_Time_MAN,DINT,0,,,,-
PH7_CYCLE_TIME_7,DINT,0,,,,-
Ph7_Cycle_Time_HMI,REAL,0,,,,-
Ph7_Cycle_Time_MACHINE,DINT,0,,,,-
Ph7_Cycle_Time_MAN,DINT,0,,,,-
PH8_CYCLE_TIME_8,DINT,0,,,,-
Ph8_Cycle_Time_HMI,REAL,0,,,,-
Ph8_Cycle_Time_MACHINE,DINT,0,,,,-
Ph8_Cycle_Time_MAN,DINT,0,,,,-
PH9_CYCLE_TIME_9,DINT,0,,,,-
Ph9_Cycle_Time_HMI,REAL,0,,,,-
Ph9_Cycle_Time_MACHINE,DINT,0,,,,-
Ph9_Cycle_Time_MAN,DINT,0,,,,-
Phase,DINT,0,,,,-
Phase_Change,BOOL,0,,,,-
Phase_Cntrl_constants,STRING,1,22,0,21,22
Phase_Cntrl_Pos,REAL,1,22,0,21,22
Phase_Cntrl_Pos_Const,STRING,1,2,0,1,2
Phase_Cntrl_Stop_Const,STRING,1,2,0,1,2
Phase_Cntrl_Stp,REAL,1,22,0,21,22
Phase_Complete,BOOL,0,,,,-
Phase_Complete_Ons,BOOL,0,,,,-
Phase_Contour,BOOL,0,,,,-
Phase_Dec,BOOL,0,,,,-
Phase_Disk,BOOL,0,,,,-
Phase_IL,BOOL,0,,,,-
Phase_Inc,BOOL,0,,,,-
Phase_Insert_Bead,BOOL,0,,,,-
Phase_Matl1_Manual,BOOL,0,,,,-
Phase_Matl2_Manual,BOOL,0,,,,-
Phase_P1,BOOL,0,,,,-
Phase_P2,BOOL,0,,,,-
Phase_P3,BOOL,0,,,,-
Phase_Prev,DINT,0,,,,-
Phase_ReInf_Matl,BOOL,0,,,,-
Phase_RRD,BOOL,0,,,,-
Phase_Sequence,DINT,1,22,0,21,22
Phase_Set_Bead,BOOL,0,,,,-
Phase_Start,BOOL,0,,,,-
Phase_SW,BOOL,0,,,,-
Phase_Turnup_Ring,BOOL,0,,,,-
Phase_WO_Toproll,BOOL,0,,,,-
Pi,REAL,0,,,,-
Plant_Interface_Module_Ok,BOOL,0,,,,-
PLC_TIME_CT,DINT,1,7,0,6,7
PLY01_APPLY_CYCLE_TIME,REAL,0,,,,-
PLY02_APPLY_CYCLE_TIME,REAL,0,,,,-
Ply1_2_3_Cutter_Safety_Curtain_Active,BOOL,0,,,,-
Ply1_2_3_Cutter_Safety_Curtain_Interrupt,BOOL,0,,,,-
Ply1_2_3_Cutter_Safety_Curtain_ISC,BOOL,0,,,,-
Ply1_2_3_Cutter_Safety_Curtain_Ok,BOOL,0,,,,-
Ply1_2_3_SafetyCurtain,LIGHT_CURTAIN,0,,,,-
Ply1_Act_Mat_Length,REAL,0,,,,-
PLY1_ANGLE_CALIB,AOI_FESTOCALIBRATION,0,,,,-
PLY1_APPLY_CT,REAL,0,,,,-
PLY1_APPLY_OP_DELAY_TIME,REAL,0,,,,-
PLY1_APPLY_WT_CT,REAL,0,,,,-
PLY1_APP_IN_PROGRESS,BOOL,0,,,,-
PLY1_CU:I,_001A:EMCA_EC_67_X_XXX_EP_E8411017:I:0,0,,,,-
PLY1_CU:O,_001A:EMCA_EC_67_X_XXX_EP_C9DA8E8E:O:0,0,,,,-
Ply1_Cutter,AOI_PLYCUTTER,0,,,,-
Ply1_Cutter:I,AB:POWERFLEX70EC_49A2F517:I:0,0,,,,-
Ply1_Cutter:O,AB:POWERFLEX70EC_942C105B:O:0,0,,,,-
Ply1_CutterAngle,UDT_PLYCUTTERANGLE,0,,,,-
Ply1_CutterCycleTimeFault,BOOL,0,,,,-
Ply1_Cutter_Count,COUNTER,0,,,,-
Ply1_Cutter_DriveLogicRslt_Start,BOOL,0,,,,-
Ply1_Cutter_DriveLogicRslt_Stop,BOOL,0,,,,-
Ply1_Cutter_Encoder_ActCount,DINT,0,,,,-
Ply1_Cutter_FaultCode,DINT,0,,,,-
Ply1_Cutter_FP,PFLEX_70EC_AOI,0,,,,-
Ply1_Cutter_Life,DINT,0,,,,-
Ply1_cutter_Pos_HLim,REAL,0,,,,-
Ply1_cutter_Pos_LLim,REAL,0,,,,-
Ply1_cutter_Pos_Prev,REAL,0,,,,-
Ply1_Cutter_Status,DINT,0,,,,-
Ply1_CuttingAngle_ActualValue,REAL,0,,,,-
Ply1_Cut_Complete,BOOL,0,,,,-
PLY1_CU_ANGLE,AOI_FESTOCONTROL,0,,,,-
PLY1_CU_ANGLE_JOG_LEFT,BOOL,0,,,,-
PLY1_CU_ANGLE_JOG_RIGHT,BOOL,0,,,,-
PLY1_CU_DT_FML_STATUS,DT_FML_STATUS,0,,,,-
PLY1_CU_FHPP_CTRL,FHPP_CTRL,0,,,,-
PLY1_CU_FHPP_CTRL_DISABLE,BOOL,0,,,,-
PLY1_CU_FHPP_CTRL_ENABLE,BOOL,0,,,,-
PLY1_CU_FHPP_PLUS,FHPP_PLUS,0,,,,-
PLY1_CU_FML_READ,FML_READ,0,,,,-
PLY1_CU_FML_READ_STATUS,DT_FML_STATUS,0,,,,-
PLY1_CU_FML_REF,DT_FML_REF,0,,,,-
PLY1_CU_FML_WRITE,FML_WRITE,0,,,,-
PLY1_CU_FML_WRITE_STATUS,DT_FML_STATUS,0,,,,-
PLY1_CU_HOMEVALID,BOOL,0,,,,-
PLY1_CU_JOG_MAX,BOOL,0,,,,-
PLY1_CU_JOG_MIN,BOOL,0,,,,-
PLY1_CU_MOVE_TO_DEG,BOOL,0,,,,-
PLY1_CU_TO_ZERO_DEG,BOOL,0,,,,-
Ply1_Data_Letoff,LETOFF_DATA,1,5,0,4,5
Ply1_Dinner,REAL,0,,,,-
Ply1_Douter,REAL,0,,,,-
Ply1_ESTOP_ACTIVE,BOOL,0,,,,-
Ply1_Fill_Factor,REAL,0,,,,-
PLY1_GU:I,_001A:EMCA_EC_67_X_XXX_EP_E8411017:I:0,0,,,,-
PLY1_GU:O,_001A:EMCA_EC_67_X_XXX_EP_C9DA8E8E:O:0,0,,,,-
PLY1_GUIDE,AOI_FESTOCONTROL,0,,,,-
Ply1_guide_jog_Allow,BOOL,0,,,,-
PLY1_GUIDE_JOG_MAX_PB,BOOL,0,,,,-
PLY1_GUIDE_JOG_MIN_PB,BOOL,0,,,,-
PLY1_GU_CALIB,AOI_FESTOCALIBRATION,0,,,,-
PLY1_GU_DT_FML_STATUS,DT_FML_STATUS,0,,,,-
PLY1_GU_FHPP_CTRL,FHPP_CTRL,0,,,,-
PLY1_GU_FHPP_PLUS,FHPP_PLUS,0,,,,-
PLY1_GU_FML_READ,FML_READ,0,,,,-
PLY1_GU_FML_READ_STATUS,DT_FML_STATUS,0,,,,-
PLY1_GU_FML_REF,DT_FML_REF,0,,,,-
PLY1_GU_FML_WRITE,FML_WRITE,0,,,,-
PLY1_GU_FML_WRITE_STATUS,DT_FML_STATUS,0,,,,-
PLY1_GU_JOG_MAX,BOOL,0,,,,-
PLY1_GU_JOG_MIN,BOOL,0,,,,-
PLY1_GU_MOVE_TO_POS,BOOL,0,,,,-
PLY1_GU_TO_HOMEVALID,BOOL,0,,,,-
PLY1_GU_TO_ZERO_POS,BOOL,0,,,,-
Ply1_Heater_Timer_Mode,BOOL,0,,,,-
PLY1_HEIGHT,AOI_FESTOCONTROL,0,,,,-
PLY1_HEIGHT_CALIB,AOI_FESTOCALIBRATION,0,,,,-
Ply1_Height_Pos_HLim,REAL,0,,,,-
Ply1_Height_Pos_LLim,REAL,0,,,,-
Ply1_Height_Pos_Prev,REAL,0,,,,-
PLy1_Hmi_Cam_Input,CAM,1,150,0,149,150
PLY1_KNIFE_WARNING,BOOL,0,,,,-
Ply1_LetOff,AOI_LETOFFCONTROL,0,,,,-
Ply1_LetOff:I,AB:POWERFLEX70EC_49A2F517:I:0,0,,,,-
Ply1_LetOff:O,AB:POWERFLEX70EC_942C105B:O:0,0,,,,-
Ply1_LetOffCycleTimeFault,BOOL,0,,,,-
Ply1_Letoff_Empty,BOOL,0,,,,-
Ply1_LetOff_FaultCode,DINT,0,,,,-
Ply1_LetOff_FP,PFLEX_70EC_AOI,0,,,,-
Ply1_Letoff_HMI_Pop,BOOL,0,,,,-
Ply1_Letoff_Near_To_Empty,BOOL,0,,,,-
Ply1_Letoff_SafetyCurtain_Active,BOOL,0,,,,-
Ply1_LetOff_Status,DINT,0,,,,-
Ply1_Manual_Only,BOOL,0,,,,-
Ply1_Phase_Selected,BOOL,0,,,,-
PLY1_PREPARATION_CMPLT,BOOL,0,,,,-
Ply1_Present_Data_Letoff,LETOFF_DATA,0,,,,-
Ply1_Safety_Reset_IPB,BOOL,0,,,,-
PLY1_SPLICE_CHECK,BOOL,0,,,,-
PLY1_SPLICE_CHECK_CT,REAL,0,,,,-
Ply1_Thickness_Liner,REAL,0,,,,-
Ply1_Thickness_Mat,REAL,0,,,,-
PLY1_TRAY:I,_001A:EMCA_EC_67_X_XXX_EP_E8411017:I:0,0,,,,-
PLY1_TRAY:O,_001A:EMCA_EC_67_X_XXX_EP_C9DA8E8E:O:0,0,,,,-
PLY1_TRAY_DT_FML_STATUS,DT_FML_STATUS,0,,,,-
PLY1_TRAY_FHPP_CTRL,FHPP_CTRL,0,,,,-
PLY1_TRAY_FHPP_CTRL_ACTUAL_POSITION,REAL,0,,,,-
PLY1_TRAY_FHPP_CTRL_CLEAR_FAULT,BOOL,0,,,,-
PLY1_TRAY_FHPP_CTRL_DISABLE,BOOL,0,,,,-
PLY1_TRAY_FHPP_CTRL_ENABLE,BOOL,0,,,,-
PLY1_TRAY_FHPP_PLUS,FHPP_PLUS,0,,,,-
PLY1_TRAY_FML_READ,FML_READ,0,,,,-
PLY1_TRAY_FML_READ_STATUS,DT_FML_STATUS,0,,,,-
PLY1_TRAY_FML_REF,DT_FML_REF,0,,,,-
PLY1_TRAY_FML_WRITE,FML_WRITE,0,,,,-
PLY1_TRAY_FML_WRITE_STATUS,DT_FML_STATUS,0,,,,-
PLY1_TRAY_HEIGHT_ACTUAL_POS,REAL,0,,,,-
PLY1_TRAY_HEIGHT_CMD_DEG,REAL,0,,,,-
PLY1_TRAY_MAX_TQ,REAL,0,,,,-
PLY1_TRAY_MIN_TQ,REAL,0,,,,-
PLY1_TRAY_TQ_FB,REAL,0,,,,-
PLY1_TRAY_TQ_RESET,BOOL,0,,,,-
PLY1_TR_HOMEVALID,BOOL,0,,,,-
PLY1_TR_JOG_DOWN,BOOL,0,,,,-
PLY1_TR_JOG_UP,BOOL,0,,,,-
PLY1_TR_MOTOR_ACTUAL_POS,REAL,0,,,,-
PLY1_TR_MOVE_TO_POS,BOOL,0,,,,-
PLY1_TR_TO_POS,BOOL,0,,,,-
PLY1_TR_TO_ZERO_POS,BOOL,0,,,,-
Ply2_Act_Mat_Length,REAL,0,,,,-
PLY2_ACT_WIDTH,REAL,0,,,,-
PLY2_ANGLE_CALIB,AOI_FESTOCALIBRATION,0,,,,-
PLY2_APPLY_CT,REAL,0,,,,-
PLY2_APPLY_OP_DELAY_TIME,REAL,0,,,,-
PLY2_APPLY_WT_CT,REAL,0,,,,-
PLY2_APP_IN_PROGRESS,BOOL,0,,,,-
PLY2_CU:I,_001A:EMCA_EC_67_X_XXX_EP_E8411017:I:0,0,,,,-
PLY2_CU:O,_001A:EMCA_EC_67_X_XXX_EP_C9DA8E8E:O:0,0,,,,-
Ply2_Cutter:I,AB:POWERFLEX70EC_49A2F517:I:0,0,,,,-
Ply2_Cutter:O,AB:POWERFLEX70EC_942C105B:O:0,0,,,,-
Ply2_Cutter_Count,COUNTER,0,,,,-
Ply2_Cutter_DriveLogicRslt_Start,BOOL,0,,,,-
Ply2_Cutter_DriveLogicRslt_Stop,BOOL,0,,,,-
Ply2_Cutter_Encoder_ActCount,DINT,0,,,,-
Ply2_Cutter_FP,PFLEX_70EC_AOI,0,,,,-
Ply2_Cutter_Life,DINT,0,,,,-
Ply2_cutter_Pos_HLim,REAL,0,,,,-
Ply2_cutter_Pos_LLim,REAL,0,,,,-
Ply2_cutter_Pos_Prev,REAL,0,,,,-
Ply2_Cut_Complete,BOOL,0,,,,-
PLY2_CU_ANGLE,AOI_FESTOCONTROL,0,,,,-
PLY2_CU_ANGLE_JOG_LEFT,BOOL,0,,,,-
PLY2_CU_ANGLE_JOG_RIGHT,BOOL,0,,,,-
PLY2_CU_DT_FML_STATUS,DT_FML_STATUS,0,,,,-
PLY2_CU_FHPP_CTRL,FHPP_CTRL,0,,,,-
PLY2_CU_FHPP_CTRL_DISABLE,BOOL,0,,,,-
PLY2_CU_FHPP_CTRL_ENABLE,BOOL,0,,,,-
PLY2_CU_FHPP_PLUS,FHPP_PLUS,0,,,,-
PLY2_CU_FML_READ,FML_READ,0,,,,-
PLY2_CU_FML_READ_STATUS,DT_FML_STATUS,0,,,,-
PLY2_CU_FML_REF,DT_FML_REF,0,,,,-
PLY2_CU_FML_WRITE,FML_WRITE,0,,,,-
PLY2_CU_FML_WRITE_STATUS,DT_FML_STATUS,0,,,,-
PLY2_CU_HOMEVALID,BOOL,0,,,,-
PLY2_CU_JOG_MAX,BOOL,0,,,,-
PLY2_CU_JOG_MIN,BOOL,0,,,,-
PLY2_CU_MOVE_TO_DEG,BOOL,0,,,,-
PLY2_CU_TO_DEG,BOOL,0,,,,-
PLY2_CU_TO_ZERO_DEG,BOOL,0,,,,-
Ply2_Dinner,REAL,0,,,,-
Ply2_Douter,REAL,0,,,,-
Ply2_ESTOP_ACTIVE,BOOL,0,,,,-
Ply2_Fill_Factor,REAL,0,,,,-
PLY2_GU:I,_001A:EMCA_EC_67_X_XXX_EP_E8411017:I:0,0,,,,-
PLY2_GU:O,_001A:EMCA_EC_67_X_XXX_EP_C9DA8E8E:O:0,0,,,,-
PLY2_GUIDE,AOI_FESTOCONTROL,0,,,,-
Ply2_guide_jog_Allow,BOOL,0,,,,-
PLY2_GUIDE_JOG_MAX_PB,BOOL,0,,,,-
PLY2_GUIDE_JOG_MIN_PB,BOOL,0,,,,-
PLY2_GU_CALIB,AOI_FESTOCALIBRATION,0,,,,-
PLY2_GU_DT_FML_STATUS,DT_FML_STATUS,0,,,,-
PLY2_GU_FHPP_CTRL,FHPP_CTRL,0,,,,-
PLY2_GU_FHPP_PLUS,FHPP_PLUS,0,,,,-
PLY2_GU_FML_READ,FML_READ,0,,,,-
PLY2_GU_FML_READ_STATUS,DT_FML_STATUS,0,,,,-
PLY2_GU_FML_REF,DT_FML_REF,0,,,,-
PLY2_GU_FML_WRITE,FML_WRITE,0,,,,-
PLY2_GU_FML_WRITE_STATUS,DT_FML_STATUS,0,,,,-
PLY2_GU_JOG_MAX,BOOL,0,,,,-
PLY2_GU_JOG_MIN,BOOL,0,,,,-
PLY2_GU_MOVE_TO_POS,BOOL,0,,,,-
PLY2_GU_TO_HOMEVALID,BOOL,0,,,,-
PLY2_GU_TO_ZERO_POS,BOOL,0,,,,-
Ply2_Heater_Timer_Mode,BOOL,0,,,,-
PLY2_HEIGHT,AOI_FESTOCONTROL,0,,,,-
PLY2_HEIGHT_CALIB,AOI_FESTOCALIBRATION,0,,,,-
Ply2_Height_Pos_HLim,REAL,0,,,,-
Ply2_Height_Pos_LLim,REAL,0,,,,-
Ply2_Height_Pos_Prev,REAL,0,,,,-
PLy2_Hmi_Cam_Input,CAM,1,150,0,149,150
PLY2_KNIFE_WARNING,BOOL,0,,,,-
Ply2_LetOff:I,AB:POWERFLEX70EC_49A2F517:I:0,0,,,,-
Ply2_LetOff:O,AB:POWERFLEX70EC_942C105B:O:0,0,,,,-
Ply2_Letoff_Empty,BOOL,0,,,,-
Ply2_LetOff_FP,PFLEX_70EC_AOI,0,,,,-
Ply2_Letoff_HMI_Pop,BOOL,0,,,,-
Ply2_Letoff_Near_To_Empty,BOOL,0,,,,-
Ply2_Letoff_SafetyCurtain_Active,BOOL,0,,,,-
Ply2_manual_Only,BOOL,0,,,,-
Ply2_Phase_Selected,BOOL,0,,,,-
PLY2_PREPARATION_CMPLT,BOOL,0,,,,-
Ply2_Safety_Reset_IPB,BOOL,0,,,,-
PLY2_SPLICE_CHECK,BOOL,0,,,,-
PLY2_SPLICE_CHECK_CT,REAL,0,,,,-
Ply2_Thickness_Liner,REAL,0,,,,-
Ply2_Thickness_Mat,REAL,0,,,,-
PLY2_TRAY:I,_001A:EMCA_EC_67_X_XXX_EP_E8411017:I:0,0,,,,-
PLY2_TRAY:O,_001A:EMCA_EC_67_X_XXX_EP_C9DA8E8E:O:0,0,,,,-
PLY2_TRAY_DT_FML_STATUS,DT_FML_STATUS,0,,,,-
PLY2_TRAY_FHPP_CTRL,FHPP_CTRL,0,,,,-
PLY2_TRAY_FHPP_CTRL_ACTUAL_POSITION,REAL,0,,,,-
PLY2_TRAY_FHPP_CTRL_CLEAR_FAULT,BOOL,0,,,,-
PLY2_TRAY_FHPP_CTRL_DISABLE,BOOL,0,,,,-
PLY2_TRAY_FHPP_CTRL_ENABLE,BOOL,0,,,,-
PLY2_TRAY_FHPP_PLUS,FHPP_PLUS,0,,,,-
PLY2_TRAY_FML_READ,FML_READ,0,,,,-
PLY2_TRAY_FML_READ_STATUS,DT_FML_STATUS,0,,,,-
PLY2_TRAY_FML_REF,DT_FML_REF,0,,,,-
PLY2_TRAY_FML_WRITE,FML_WRITE,0,,,,-
PLY2_TRAY_FML_WRITE_STATUS,DT_FML_STATUS,0,,,,-
PLY2_TRAY_HEIGHT_ACTUAL_POS,REAL,0,,,,-
PLY2_TRAY_HEIGHT_CMD_DEG,REAL,0,,,,-
PLY2_TRAY_MAX_TQ,REAL,0,,,,-
PLY2_TRAY_MIN_TQ,REAL,0,,,,-
PLY2_TRAY_TQ_FB,REAL,0,,,,-
PLY2_TRAY_TQ_RESET,BOOL,0,,,,-
PLY2_TR_HOMEVALID,BOOL,0,,,,-
PLY2_TR_JOG_DOWN,BOOL,0,,,,-
PLY2_TR_JOG_UP,BOOL,0,,,,-
PLY2_TR_MOTOR_ACTUAL_POS,REAL,0,,,,-
PLY2_TR_MOVE_TO_POS,BOOL,0,,,,-
PLY2_TR_TO_POS,BOOL,0,,,,-
PLY2_TR_TO_ZERO_POS,BOOL,0,,,,-
Ply3_Act_Mat_Length,REAL,0,,,,-
PLY3_ACT_WIDTH,REAL,0,,,,-
PLY3_ANGLE_CALIB,AOI_FESTOCALIBRATION,0,,,,-
PLY3_CU:I,_001A:EMCA_EC_67_X_XXX_EP_E8411017:I:0,0,,,,-
PLY3_CU:O,_001A:EMCA_EC_67_X_XXX_EP_C9DA8E8E:O:0,0,,,,-
Ply3_Cutter:I,AB:POWERFLEX70EC_49A2F517:I:0,0,,,,-
Ply3_Cutter:O,AB:POWERFLEX70EC_942C105B:O:0,0,,,,-
Ply3_Cutter_DriveLogicRslt_Start,BOOL,0,,,,-
Ply3_Cutter_DriveLogicRslt_Stop,BOOL,0,,,,-
Ply3_Cutter_Encoder_ActCount,DINT,0,,,,-
Ply3_Cutter_FP,PFLEX_70EC_AOI,0,,,,-
Ply3_Cut_Complete,BOOL,0,,,,-
PLY3_CU_ANGLE,AOI_FESTOCONTROL,0,,,,-
PLY3_CU_ANGLE_JOG_LEFT,BOOL,0,,,,-
PLY3_CU_ANGLE_JOG_RIGHT,BOOL,0,,,,-
PLY3_CU_DT_FML_STATUS,DT_FML_STATUS,0,,,,-
PLY3_CU_FHPP_CTRL,FHPP_CTRL,0,,,,-
PLY3_CU_FHPP_CTRL_MOVE_TO_DEG,BOOL,0,,,,-
PLY3_CU_FHPP_PLUS,FHPP_PLUS,0,,,,-
PLY3_CU_FML_READ,FML_READ,0,,,,-
PLY3_CU_FML_READ_STATUS,DT_FML_STATUS,0,,,,-
PLY3_CU_FML_REF,DT_FML_REF,0,,,,-
PLY3_CU_FML_WRITE,FML_WRITE,0,,,,-
PLY3_CU_FML_WRITE_STATUS,DT_FML_STATUS,0,,,,-
PLY3_CU_JOG_MAX,BOOL,0,,,,-
PLY3_CU_JOG_MIN,BOOL,0,,,,-
PLY3_CU_TO_DEG,BOOL,0,,,,-
PLY3_CU_TO_HOMEVALID,BOOL,0,,,,-
PLY3_CU_TO_ZERO_DEG,BOOL,0,,,,-
Ply3_Dinner,REAL,0,,,,-
Ply3_Douter,REAL,0,,,,-
Ply3_ESTOP_ACTIVE,BOOL,0,,,,-
Ply3_Fill_Factor,REAL,0,,,,-
PLY3_GU:I,_001A:EMCA_EC_67_X_XXX_EP_E8411017:I:0,0,,,,-
PLY3_GU:O,_001A:EMCA_EC_67_X_XXX_EP_C9DA8E8E:O:0,0,,,,-
PLY3_GUIDE,AOI_FESTOCONTROL,0,,,,-
Ply3_guide_jog_Allow,BOOL,0,,,,-
PLY3_GUIDE_JOG_MAX_PB,BOOL,0,,,,-
PLY3_GUIDE_JOG_MIN_PB,BOOL,0,,,,-
PLY3_GU_CALIB,AOI_FESTOCALIBRATION,0,,,,-
PLY3_GU_DT_FML_STATUS,DT_FML_STATUS,0,,,,-
PLY3_GU_FHPP_CTRL,FHPP_CTRL,0,,,,-
PLY3_GU_FHPP_PLUS,FHPP_PLUS,0,,,,-
PLY3_GU_FML_READ,FML_READ,0,,,,-
PLY3_GU_FML_READ_STATUS,DT_FML_STATUS,0,,,,-
PLY3_GU_FML_REF,DT_FML_REF,0,,,,-
PLY3_GU_FML_WRITE,FML_WRITE,0,,,,-
PLY3_GU_FML_WRITE_STATUS,DT_FML_STATUS,0,,,,-
PLY3_GU_JOG_MAX,BOOL,0,,,,-
PLY3_GU_JOG_MIN,BOOL,0,,,,-
PLY3_GU_MOVE_TO_POS,BOOL,0,,,,-
PLY3_GU_TO_HOMEVALID,BOOL,0,,,,-
PLY3_GU_TO_ZERO_POS,BOOL,0,,,,-
Ply3_Heater_Timer_Mode,BOOL,0,,,,-
PLY3_HEIGHT,AOI_FESTOCONTROL,0,,,,-
PLY3_HEIGHT_CALIB,AOI_FESTOCALIBRATION,0,,,,-
Ply3_Height_Pos_HLim,REAL,0,,,,-
Ply3_Height_Pos_LLim,REAL,0,,,,-
Ply3_Height_Pos_Prev,REAL,0,,,,-
PLy3_Hmi_Cam_Input,CAM,1,150,0,149,150
PLy3_LetOff:I,AB:POWERFLEX70EC_49A2F517:I:0,0,,,,-
PLy3_LetOff:O,AB:POWERFLEX70EC_942C105B:O:0,0,,,,-
Ply3_Letoff_Empty,BOOL,0,,,,-
Ply3_LetOff_FP,PFLEX_70EC_AOI,0,,,,-
Ply3_Letoff_HMI_Pop,BOOL,0,,,,-
Ply3_Letoff_Near_To_Empty,BOOL,0,,,,-
Ply3_Letoff_SafetyCurtain_Active,BOOL,0,,,,-
Ply3_manual_Only,BOOL,0,,,,-
PLY3_SAFETY_CURTAIN_A,BOOL,0,,,,-
PLY3_SAFETY_CURTAIN_B,BOOL,0,,,,-
Ply3_Safety_Reset_IPB,BOOL,0,,,,-
Ply3_Thickness_Liner,REAL,0,,,,-
Ply3_Thickness_Mat,REAL,0,,,,-
PLY3_TRAY:I,_001A:EMCA_EC_67_X_XXX_EP_E8411017:I:0,0,,,,-
PLY3_TRAY:O,_001A:EMCA_EC_67_X_XXX_EP_C9DA8E8E:O:0,0,,,,-
PLY3_TRAY_DT_FML_STATUS,DT_FML_STATUS,0,,,,-
PLY3_TRAY_FHPP_CTRL,FHPP_CTRL,0,,,,-
PLY3_TRAY_FHPP_CTRL_CLEAR_FAULT,BOOL,0,,,,-
PLY3_TRAY_FHPP_CTRL_DISABLE,BOOL,0,,,,-
PLY3_TRAY_FHPP_CTRL_ENABLE,BOOL,0,,,,-
PLY3_TRAY_FHPP_PLUS,FHPP_PLUS,0,,,,-
PLY3_TRAY_FML_READ,FML_READ,0,,,,-
PLY3_TRAY_FML_READ_STATUS,DT_FML_STATUS,0,,,,-
PLY3_TRAY_FML_REF,DT_FML_REF,0,,,,-
PLY3_TRAY_FML_WRITE,FML_WRITE,0,,,,-
PLY3_TRAY_FML_WRITE_STATUS,DT_FML_STATUS,0,,,,-
PLY3_TRAY_HEIGHT_ACTUAL_POS,REAL,0,,,,-
PLY3_TRAY_HEIGHT_CMD_DEG,REAL,0,,,,-
PLY3_TR_HOMEVALID,BOOL,0,,,,-
PLY3_TR_JOG_DOWN,BOOL,0,,,,-
PLY3_TR_JOG_UP,BOOL,0,,,,-
PLY3_TR_MOTOR_ACTUAL_POS,REAL,0,,,,-
PLY3_TR_MOVE_TO_POS,BOOL,0,,,,-
PLY3_TR_TO_POS,BOOL,0,,,,-
PLY3_TR_TO_ZERO_POS,BOOL,0,,,,-
Ply_01:S,AB:MOTION_DIAGNOSTICS:S:1,0,,,,-
Ply_02:S,AB:MOTION_DIAGNOSTICS:S:1,0,,,,-
Ply_03:S,AB:MOTION_DIAGNOSTICS:S:1,0,,,,-
Ply_03_Tray_Front_Roller_Down,BOOL,0,,,,-
Ply_03_Tray_Front_Roller_Down_Pos,DINT,0,,,,-
Ply_03_Tray_Front_Roller_Up,BOOL,0,,,,-
Ply_123_TS_ESTOP,EMERGENCY_STOP,0,,,,-
Ply_123_TS_ESTOP_ACTIVE,BOOL,0,,,,-
Ply_123_TS_ESTOP_ChannelA,BOOL,0,,,,-
Ply_123_TS_ESTOP_ChannelB,BOOL,0,,,,-
PLY_1_2_3_Cutter_LC_ChannelA,BOOL,0,,,,-
PLY_1_2_3_Cutter_LC_ChannelB,BOOL,0,,,,-
PLY_1_CONVEYOR_BELT_LIFE,DINT,0,,,,-
Ply_1_Left_Heater_Temp_HighLimit,REAL,0,,,,-
Ply_1_Left_Heater_Temp_LowLimit,REAL,0,,,,-
Ply_1_Right_Heater_Temp_HighLimit,REAL,0,,,,-
Ply_1_Right_Heater_Temp_LowLimit,REAL,0,,,,-
PLY_1_TRAY_BELT_LIFE,DINT,0,,,,-
Ply_1_Tray_Height_Gap,REAL,0,,,,-
PLY_2_CONVEYOR_BELT_LIFE,DINT,0,,,,-
Ply_2_Left_Heater_Temp_HighLimit,REAL,0,,,,-
Ply_2_Left_Heater_Temp_LowLimit,REAL,0,,,,-
Ply_2_Right_Heater_Temp_HighLimit,REAL,0,,,,-
Ply_2_Right_Heater_Temp_LowLimit,REAL,0,,,,-
PLY_2_TRAY_BELT_LIFE,DINT,0,,,,-
Ply_2_Tray_Height_Gap,REAL,0,,,,-
Ply_3_Left_Heater_Temp_HighLimit,REAL,0,,,,-
Ply_3_Left_Heater_Temp_LowLimit,REAL,0,,,,-
Ply_3_Right_Heater_Temp_HighLimit,REAL,0,,,,-
Ply_3_Right_Heater_Temp_LowLimit,REAL,0,,,,-
PLY_GEAR_WITH_IL,BOOL,0,,,,-
PLY_SPOT_ON_IL_PLY_COMBINE,REAL,0,,,,-
PLY_SPOT_ON_IL_PLY_COMBINE_HIGH_LIMIT,REAL,0,,,,-
PLY_SPOT_ON_IL_PLY_COMBINE_LOW_LIMIT,REAL,0,,,,-
Pos_IL_HLim,REAL,0,,,,-
Pos_IL_LLim,REAL,0,,,,-
Pos_IL_Reached,BOOL,0,,,,-
Pos_P1_HLim,REAL,0,,,,-
Pos_P1_LLim,REAL,0,,,,-
Pos_P1_Reached,BOOL,0,,,,-
Pos_P2_HLim,REAL,0,,,,-
Pos_P2_LLim,REAL,0,,,,-
Pos_P2_Reached,BOOL,0,,,,-
Pos_P3_HLim,REAL,0,,,,-
Pos_P3_LLim,REAL,0,,,,-
Pos_P3_Reached,BOOL,0,,,,-
Pos_SB_HLim,REAL,0,,,,-
Pos_SB_LLim,REAL,0,,,,-
Pos_SB_Reached,BOOL,0,,,,-
Pos_SW_HLim,REAL,0,,,,-
Pos_SW_LLim,REAL,0,,,,-
Pos_SW_Reached,BOOL,0,,,,-
Present_data,STRING,0,,,,-
Previous_IL_Cutter_Life,DINT,0,,,,-
PREVIOUS_PHASE,DINT,0,,,,-
Previous_Ply1_Cutter_Life,DINT,0,,,,-
Previous_Ply1_ONS,BOOL,0,,,,-
Previous_Ply2_Cutter_Life,DINT,0,,,,-
Previous_Ply2_ONS,BOOL,0,,,,-
Previous_SW_Cutter_Life,DINT,0,,,,-
Previous_SW_ONS,BOOL,0,,,,-
PRE_FS_IDLE_CT,REAL,0,,,,-
Product_Start_Time,DATETIME_TYPE,0,,,,-
Product_time,DINT,0,,,,-
Prod_Dummy_Data,PROD_DATA,0,,,,-
Prod_Real_Data,PROD_DATA_V1,0,,,,-
PVC_Calib_Fnc,DWORD,1,1,0,0,1
PVC_Lsr_Pos_IL,BOOL,0,,,,-
PVC_Lsr_Pos_material1,BOOL,0,,,,-
PVC_Lsr_Pos_P1,BOOL,0,,,,-
PVC_Lsr_Pos_P2,BOOL,0,,,,-
PVC_Lsr_Pos_P3,BOOL,0,,,,-
PVC_Lsr_Pos_SB,BOOL,0,,,,-
PVC_Lsr_Pos_SW,BOOL,0,,,,-
PVC_Man_Fnc,DWORD,1,8,0,7,8
PVC_Order_Number,STRING5,0,,,,-
PVC_O_Data,DWORD,1,8,0,7,8
PVC_Phase_Cntrl_Pos_String,STRING,1,22,0,21,22
PVC_Phase_Cntrl_Stop_String,STRING,1,22,0,21,22
PVC_Phase_Cntrl_String,STRING,1,22,0,21,22
PVc_Recipe_Downloaded,BOOL,0,,,,-
PVC_Recipe_Phasedata,DWORD,1,1,0,0,1
PVC_Recipe_Restore,BOOL,0,,,,-
PVC_Rec_Data,REAL,1,350,0,349,350
PVC_Work_Data,REAL,1,250,0,249,250
PVF_Alarm,DINT,1,20,0,19,20
PVF_Production,DINT,1,32,0,31,32
PVF_Stop_Brwsing,BOOL,0,,,,-
PV_Broad_Ref_Set,REAL,0,,,,-
PV_ContStit_RefWrt_Accept,BOOL,0,,,,-
PV_ContStit_Ref_Set,REAL,0,,,,-
PV_Cutter_Knife_RefWrt_Accept,BOOL,0,,,,-
PV_Cutter_Knife_Ref_Set,REAL,0,,,,-
PV_DiskStit_RefWrt_Accept,BOOL,0,,,,-
PV_DiskStit_Ref_Set,REAL,0,,,,-
PV_IL_guide_RefWrt_Accept,BOOL,0,,,,-
PV_IL_guide_Ref_Set,REAL,0,,,,-
PV_IL_Height_RefWrt_Accept,BOOL,0,,,,-
PV_IL_Height_Ref_Set,REAL,0,,,,-
PV_Laser_RefWrt_Accept,BOOL,0,,,,-
PV_Laser_Ref_Set,REAL,0,,,,-
PV_Ply1_Angle_RefWrt_Accept,BOOL,0,,,,-
PV_Ply1_Angle_Ref_Set,REAL,0,,,,-
PV_Ply1_guide_RefWrt_Accept,BOOL,0,,,,-
PV_Ply1_guide_Ref_Set,REAL,0,,,,-
PV_Ply1_Height_RefWrt_Accept,BOOL,0,,,,-
PV_Ply1_Height_Ref_Set,REAL,0,,,,-
PV_Ply2_Angle_RefWrt_Accept,BOOL,0,,,,-
PV_Ply2_Angle_Ref_Set,REAL,0,,,,-
PV_Ply2_guide_RefWrt_Accept,BOOL,0,,,,-
PV_Ply2_guide_Ref_Set,REAL,0,,,,-
PV_Ply2_Height_RefWrt_Accept,BOOL,0,,,,-
PV_Ply2_Height_Ref_Set,REAL,0,,,,-
PV_Ply3_Angle_RefWrt_Accept,BOOL,0,,,,-
PV_Ply3_Angle_Ref_Set,REAL,0,,,,-
PV_Ply3_guide_RefWrt_Accept,BOOL,0,,,,-
PV_Ply3_guide_Ref_Set,REAL,0,,,,-
PV_Ply3_Height_RefWrt_Accept,BOOL,0,,,,-
PV_Ply3_Height_Ref_Set,REAL,0,,,,-
PV_Radial_RefWrt_Accept,BOOL,0,,,,-
PV_Radial_Ref_Set,REAL,0,,,,-
PV_RRDBroad_RefWrt_Accept,BOOL,0,,,,-
PV_RRDL_RefWrt_Accept,BOOL,0,,,,-
PV_RRDL_Ref_Set,REAL,0,,,,-
PV_RRDR_RefWrt_Accept,BOOL,0,,,,-
PV_RRDR_Ref_Set,REAL,0,,,,-
PV_SW_PP_RefWrt_Accept,BOOL,0,,,,-
PV_SW_PP_Ref_Set,REAL,0,,,,-
PV_Turnup_HS_RefWrt_Accept,BOOL,0,,,,-
PV_Turnup_HS_Ref_Set,REAL,0,,,,-
PV_Turnup_TS_RefWrt_Accept,BOOL,0,,,,-
PV_Turnup_TS_Ref_Set,REAL,0,,,,-
QCT_SW_Rt_Conv_Fwd,BOOL,0,,,,-
QOP_PVC_TR_XCCDR_ACT,BOOL,0,,,,-
QOP_PVC_TR_XCONT_ST_TS_ACT,BOOL,0,,,,-
QOP_PVC_TR_XDISK_ST_TS_ACT,BOOL,0,,,,-
QOP_PVC_TR_XILKNIFE_TS_ACT,BOOL,0,,,,-
QOP_PVC_TR_XIL_TS_ACT,BOOL,0,,,,-
QOP_PVC_TR_XPLY1_TS_ACT,BOOL,0,,,,-
QOP_PVC_TR_XPLY2_TS_ACT,BOOL,0,,,,-
QOP_PVC_TR_XPLY3_TS_ACT,BOOL,0,,,,-
QOP_PVC_TR_XRRD_B_TS_ACT,BOOL,0,,,,-
QOP_PVC_TR_XRRD_L_TS_ACT,BOOL,0,,,,-
QOP_PVC_TR_XRRD_RAD_TS_ACT,BOOL,0,,,,-
QOP_PVC_TR_XRRD_R_TS_ACT,BOOL,0,,,,-
QOP_PVC_TR_XSW_CV_LH_TS_ACT,BOOL,0,,,,-
QOP_PVC_TR_XSW_CV_RH_TS_ACT,BOOL,0,,,,-
QOP_PVC_TR_XSW_PP_TS_ACT,BOOL,0,,,,-
QOP_PVC_TR_Xtprl_TS_ACT,BOOL,0,,,,-
QOP_PVC_TR_XTURNUP_HS_ACT,BOOL,0,,,,-
QOP_PVC_TR_XTURNUP_TS_ACT,BOOL,0,,,,-
R1_P1Knife_OCT,BOOL,0,,,,-
R1_P2Knife_OCT,BOOL,0,,,,-
R2_SW_Knife_Fwd_OSV,BOOL,0,,,,-
R2_SW_Tray_Fwd_OSV,BOOL,0,,,,-
R3_Drum_Collapse_OSV,BOOL,0,,,,-
R3_TS_Fwd_OSV,BOOL,0,,,,-
R4_Barcode_bypass_pb,BOOL,0,,,,-
R4_Barcode_Inline_pb,BOOL,0,,,,-
R4_HS_Bladder_Behind_IPX,BOOL,0,,,,-
R4_IL_PLY_COMBINE,BOOL,0,,,,-
r4_IL_PLY_ONS,BOOL,0,,,,-
R50_P1_TS_Auto_ISS,BOOL,0,,,,-
Rapid_EI,UDT_RAPID_EI,0,,,,-
RAPID_EM,UDT_RAPID_EM,0,,,,-
Ra_Bypass,BOOL,0,,,,-
RA_FESTO,DINT,1,1,0,0,1
RA_test,DINT,0,,,,-
RA_Test_Safe,DINT,0,,,,-
Read_Turnup_HS_TorqueLimitPOS,REAL,0,,,,-
Read_Turnup_TS_TorqueLimitPOS,REAL,0,,,,-
reason,DINT,0,,,,-
Recipe,UDT_RECIPECONTROL,0,,,,-
RECIPE_AFTER_CHANGE,REAL,1,350,0,349,350
RECIPE_CHANGE_HISTORY_1,DINT,0,,,,-
RECIPE_CHANGE_HISTORY_2,DINT,0,,,,-
RECIPE_CHANGE_HISTORY_3,DINT,0,,,,-
RECIPE_CHANGE_HISTORY_4,DINT,0,,,,-
RECIPE_CHANGE_HISTORY_5,DINT,0,,,,-
Recipe_Download,BOOL,0,,,,-
Recipe_DwnLd_Tmr,TIMER,0,,,,-
Recipe_Edited,BOOL,0,,,,-
Recipe_Insert,STRING,0,,,,-
Recipe_Store,RECIPE,1,101,0,100,101
Recipe_Trial,STRING,0,,,,-
Recipe_Trial_Final,STRING,0,,,,-
Recipe_UpLd_Tmr,TIMER,0,,,,-
REINFORCE_MAT_CT_MACHINE,REAL,0,,,,-
REINFORCE_MAT_CT_MAN,REAL,0,,,,-
REPLACE_TOLERANCE,DINT,0,,,,-
REQUIRED_LENGTH,DINT,0,,,,-
REQUIRED_LENGTH_1,REAL,0,,,,-
ResetPB,BOOL,0,,,,-
Reset_Sequence,BOOL,0,,,,-
Reset_SW_Manual_Function,BOOL,0,,,,-
Reset_Total_Carcass,BOOL,0,,,,-
RE_AUX_MACHINE_RESET_ESTOP_PRESSED,BOOL,0,,,,-
RE_FCO_MAIN_FLASH_BIT,BOOL,0,,,,-
RH_Zone1_Pressure,REAL,0,,,,-
RH_Zone2_Pressure,REAL,0,,,,-
RH_Zone3_Pressure,DINT,0,,,,-
RH_Zone4_Pressure,REAL,0,,,,-
RH_Zone5_Pressure,REAL,0,,,,-
RH_Zone6_Pressure,REAL,0,,,,-
Right_Bladder_Fwd_Safety_Intrupted,BOOL,0,,,,-
Right_Bladder_Hi_Pr,TIMER,0,,,,-
RIGHT_BLADDER_PROXY_FAULT,BOOL,0,,,,-
Right_Bladder_Set_Pressure,REAL,0,,,,-
RIOs_Module_Ok,BOOL,0,,,,-
RIO_01:10:C,AB:1734_DI8:C:0,0,,,,-
RIO_01:10:I,SINT,0,,,,-
RIO_01:11:C,AB:1734_DI8:C:0,0,,,,-
RIO_01:11:I,SINT,0,,,,-
RIO_01:12:C,AB:1734_DI8:C:0,0,,,,-
RIO_01:12:I,SINT,0,,,,-
RIO_01:13:C,AB:1734_DI8:C:0,0,,,,-
RIO_01:13:I,SINT,0,,,,-
RIO_01:14:C,AB:1734_DI8:C:0,0,,,,-
RIO_01:14:I,SINT,0,,,,-
RIO_01:15:C,AB:1734_DI8:C:0,0,,,,-
RIO_01:15:I,SINT,0,,,,-
RIO_01:16:C,AB:1734_DI8:C:0,0,,,,-
RIO_01:16:I,SINT,0,,,,-
RIO_01:17:C,AB:1734_DO8_NODIAG:C:0,0,,,,-
RIO_01:17:I,SINT,0,,,,-
RIO_01:17:O,SINT,0,,,,-
RIO_01:18:C,AB:1734_DO8_NODIAG:C:0,0,,,,-
RIO_01:18:I,SINT,0,,,,-
RIO_01:18:O,SINT,0,,,,-
RIO_01:19:C,AB:1734_DO8_NODIAG:C:0,0,,,,-
RIO_01:19:I,SINT,0,,,,-
RIO_01:19:O,SINT,0,,,,-
RIO_01:1:I,AB:1734_IB8S_SAFETY2:I:0,0,,,,-
RIO_01:1:O,AB:1734_IB8S:O:0,0,,,,-
RIO_01:20:C,AB:1734_DO8_NODIAG:C:0,0,,,,-
RIO_01:20:I,SINT,0,,,,-
RIO_01:20:O,SINT,0,,,,-
RIO_01:21:C,AB:1734_DO8_NODIAG:C:0,0,,,,-
RIO_01:21:I,SINT,0,,,,-
RIO_01:21:O,SINT,0,,,,-
RIO_01:22:C,AB:1734_OE2:C:0,0,,,,-
RIO_01:22:I,AB:1734_OE2:I:0,0,,,,-
RIO_01:22:O,AB:1734_OE2:O:0,0,,,,-
RIO_01:2:I,AB:1734_IB8S_SAFETY2:I:0,0,,,,-
RIO_01:2:O,AB:1734_IB8S:O:0,0,,,,-
RIO_01:3:I,AB:1734_IB8S_SAFETY2:I:0,0,,,,-
RIO_01:3:O,AB:1734_IB8S:O:0,0,,,,-
RIO_01:4:I,AB:1734_IB8S_SAFETY2:I:0,0,,,,-
RIO_01:4:O,AB:1734_IB8S:O:0,0,,,,-
RIO_01:5:I,AB:1734_OB8S_SAFETY1:I:0,0,,,,-
RIO_01:5:O,AB:1734_OB8S:O:0,0,,,,-
RIO_01:6:I,AB:1734_OB8S_SAFETY1:I:0,0,,,,-
RIO_01:6:O,AB:1734_OB8S:O:0,0,,,,-
RIO_01:7:I,AB:1734_OB8S_SAFETY1:I:0,0,,,,-
RIO_01:7:O,AB:1734_OB8S:O:0,0,,,,-
RIO_01:8:I,AB:1734_OB8S_SAFETY1:I:0,0,,,,-
RIO_01:8:O,AB:1734_OB8S:O:0,0,,,,-
RIO_01:9:C,AB:1734_DI8:C:0,0,,,,-
RIO_01:9:I,SINT,0,,,,-
RIO_01:I,AB:1734_23SLOT:I:0,0,,,,-
RIO_01:O,AB:1734_23SLOT:O:0,0,,,,-
Rio_01_Adp_Ok,BOOL,0,,,,-
RIO_01_HMI_IO1,STRING,1,10,0,9,10
RIO_01_HMI_IO10,STRING,1,10,0,9,10
RIO_01_HMI_IO11,STRING,1,10,0,9,10
RIO_01_HMI_IO12,STRING,1,10,0,9,10
RIO_01_HMI_IO13,STRING,1,10,0,9,10
RIO_01_HMI_IO14,STRING,1,10,0,9,10
RIO_01_HMI_IO15,STRING,1,10,0,9,10
RIO_01_HMI_IO16,STRING,1,10,0,9,10
RIO_01_HMI_IO17,STRING,1,10,0,9,10
RIO_01_HMI_IO18,STRING,1,10,0,9,10
RIO_01_HMI_IO19,STRING,1,10,0,9,10
RIO_01_HMI_IO2,STRING,1,10,0,9,10
RIO_01_HMI_IO20,STRING,1,10,0,9,10
RIO_01_HMI_IO21,STRING,1,10,0,9,10
RIO_01_HMI_IO22,STRING,1,10,0,9,10
RIO_01_HMI_IO3,STRING,1,10,0,9,10
RIO_01_HMI_IO4,STRING,1,10,0,9,10
RIO_01_HMI_IO5,STRING,1,10,0,9,10
RIO_01_HMI_IO6,STRING,1,10,0,9,10
RIO_01_HMI_IO7,STRING,1,10,0,9,10
RIO_01_HMI_IO8,STRING,1,10,0,9,10
RIO_01_HMI_IO9,STRING,1,10,0,9,10
RIO_02:10:C,AB:1734_DO8_NODIAG:C:0,0,,,,-
RIO_02:10:I,SINT,0,,,,-
RIO_02:10:O,SINT,0,,,,-
RIO_02:11:C,AB:1734_DO8_NODIAG:C:0,0,,,,-
RIO_02:11:I,SINT,0,,,,-
RIO_02:11:O,SINT,0,,,,-
RIO_02:12:C,AB:1734_DO8_NODIAG:C:0,0,,,,-
RIO_02:12:I,SINT,0,,,,-
RIO_02:12:O,SINT,0,,,,-
RIO_02:13:C,AB:1734_DO8_NODIAG:C:0,0,,,,-
RIO_02:13:I,SINT,0,,,,-
RIO_02:13:O,SINT,0,,,,-
RIO_02:14:C,AB:1734_DO8_NODIAG:C:0,0,,,,-
RIO_02:14:I,SINT,0,,,,-
RIO_02:14:O,SINT,0,,,,-
RIO_02:15:C,AB:1734_DO8_NODIAG:C:0,0,,,,-
RIO_02:15:I,SINT,0,,,,-
RIO_02:15:O,SINT,0,,,,-
RIO_02:16:C,AB:1734_DI4:C:0,0,,,,-
RIO_02:16:I,SINT,0,,,,-
RIO_02:1:I,AB:1734_IB8S_SAFETY2:I:0,0,,,,-
RIO_02:1:O,AB:1734_IB8S:O:0,0,,,,-
RIO_02:2:I,AB:1734_OB8S_SAFETY1:I:0,0,,,,-
RIO_02:2:O,AB:1734_OB8S:O:0,0,,,,-
RIO_02:3:C,AB:1734_IE2:C:0,0,,,,-
RIO_02:3:I,AB:1734_IE2:I:0,0,,,,-
RIO_02:4:C,AB:1734_OE2:C:0,0,,,,-
RIO_02:4:I,AB:1734_OE2:I:0,0,,,,-
RIO_02:4:O,AB:1734_OE2:O:0,0,,,,-
RIO_02:5:C,AB:1734_OE2:C:0,0,,,,-
RIO_02:5:I,AB:1734_OE2:I:0,0,,,,-
RIO_02:5:O,AB:1734_OE2:O:0,0,,,,-
RIO_02:6:C,AB:1734_OE2:C:0,0,,,,-
RIO_02:6:I,AB:1734_OE2:I:0,0,,,,-
RIO_02:6:O,AB:1734_OE2:O:0,0,,,,-
RIO_02:7:C,AB:1734_DO8_NODIAG:C:0,0,,,,-
RIO_02:7:I,SINT,0,,,,-
RIO_02:7:O,SINT,0,,,,-
RIO_02:8:C,AB:1734_DO8_NODIAG:C:0,0,,,,-
RIO_02:8:I,SINT,0,,,,-
RIO_02:8:O,SINT,0,,,,-
RIO_02:9:C,AB:1734_DO8_NODIAG:C:0,0,,,,-
RIO_02:9:I,SINT,0,,,,-
RIO_02:9:O,SINT,0,,,,-
RIO_02:I,AB:1734_17SLOT:I:0,0,,,,-
RIO_02:O,AB:1734_17SLOT:O:0,0,,,,-
Rio_02_Adp_Ok,BOOL,0,,,,-
RIO_02_HMI_IO1,STRING,1,10,0,9,10
RIO_02_HMI_IO10,STRING,1,10,0,9,10
RIO_02_HMI_IO11,STRING,1,10,0,9,10
RIO_02_HMI_IO12,STRING,1,10,0,9,10
RIO_02_HMI_IO13,STRING,1,10,0,9,10
RIO_02_HMI_IO14,STRING,1,10,0,9,10
RIO_02_HMI_IO15,STRING,1,10,0,9,10
RIO_02_HMI_IO16,STRING,1,10,0,9,10
RIO_02_HMI_IO2,STRING,1,10,0,9,10
RIO_02_HMI_IO3,STRING,1,10,0,9,10
RIO_02_HMI_IO4,STRING,1,10,0,9,10
RIO_02_HMI_IO5,STRING,1,10,0,9,10
RIO_02_HMI_IO6,STRING,1,10,0,9,10
RIO_02_HMI_IO7,STRING,1,10,0,9,10
RIO_02_HMI_IO8,STRING,1,10,0,9,10
RIO_02_HMI_IO9,STRING,1,10,0,9,10
RIO_04:1:I,AB:1734_IB8S_SAFETY2:I:0,0,,,,-
RIO_04:1:O,AB:1734_IB8S:O:0,0,,,,-
RIO_04:2:C,AB:1734_IE2:C:0,0,,,,-
RIO_04:2:I,AB:1734_IE2:I:0,0,,,,-
RIO_04:3:C,AB:1734_DI4:C:0,0,,,,-
RIO_04:3:I,SINT,0,,,,-
RIO_04:4:C,AB:1734_DI4:C:0,0,,,,-
RIO_04:4:I,SINT,0,,,,-
RIO_04:5:C,AB:1734_DI4:C:0,0,,,,-
RIO_04:5:I,SINT,0,,,,-
RIO_04:6:C,AB:1734_DI4:C:0,0,,,,-
RIO_04:6:I,SINT,0,,,,-
RIO_04:7:C,AB:1734_DI4:C:0,0,,,,-
RIO_04:7:I,SINT,0,,,,-
RIO_04:8:C,AB:1734_DO4_NODIAG:C:0,0,,,,-
RIO_04:8:O,SINT,0,,,,-
RIO_04:I,AB:1734_9SLOT:I:0,0,,,,-
RIO_04:O,AB:1734_9SLOT:O:0,0,,,,-
Rio_04_Adp_Ok,BOOL,0,,,,-
RIO_04_HMI_IO1,STRING,1,10,0,9,10
RIO_04_HMI_IO2,STRING,1,10,0,9,10
RIO_04_HMI_IO3,STRING,1,10,0,9,10
RIO_04_HMI_IO4,STRING,1,10,0,9,10
RIO_04_HMI_IO5,STRING,1,10,0,9,10
RIO_04_HMI_IO6,STRING,1,10,0,9,10
RIO_04_HMI_IO7,STRING,1,10,0,9,10
RIO_04_HMI_IO8,STRING,1,10,0,9,10
RIO_05:1:I,AB:1734_IB8S_SAFETY2:I:0,0,,,,-
RIO_05:1:O,AB:1734_IB8S:O:0,0,,,,-
RIO_05:2:C,AB:1734_IE2:C:0,0,,,,-
RIO_05:2:I,AB:1734_IE2:I:0,0,,,,-
RIO_05:3:C,AB:1734_DI4:C:0,0,,,,-
RIO_05:3:I,SINT,0,,,,-
RIO_05:4:C,AB:1734_DI4:C:0,0,,,,-
RIO_05:4:I,SINT,0,,,,-
RIO_05:5:C,AB:1734_DI4:C:0,0,,,,-
RIO_05:5:I,SINT,0,,,,-
RIO_05:6:C,AB:1734_DI4:C:0,0,,,,-
RIO_05:6:I,SINT,0,,,,-
RIO_05:7:C,AB:1734_DO4_NODIAG:C:0,0,,,,-
RIO_05:7:O,SINT,0,,,,-
RIO_05:I,AB:1734_8SLOT:I:0,0,,,,-
RIO_05:O,AB:1734_8SLOT:O:0,0,,,,-
Rio_05_Adp_Ok,BOOL,0,,,,-
RIO_05_HMI_IO1,STRING,1,10,0,9,10
RIO_05_HMI_IO2,STRING,1,10,0,9,10
RIO_05_HMI_IO3,STRING,1,10,0,9,10
RIO_05_HMI_IO4,STRING,1,10,0,9,10
RIO_05_HMI_IO5,STRING,1,10,0,9,10
RIO_05_HMI_IO6,STRING,1,10,0,9,10
RIO_05_HMI_IO7,STRING,1,10,0,9,10
RIO_06:10:C,AB:1734_DO4_NODIAG:C:0,0,,,,-
RIO_06:10:O,SINT,0,,,,-
RIO_06:11:C,AB:1734_DO4_NODIAG:C:0,0,,,,-
RIO_06:11:O,SINT,0,,,,-
RIO_06:1:I,AB:1734_IB8S_SAFETY2:I:0,0,,,,-
RIO_06:1:O,AB:1734_IB8S:O:0,0,,,,-
RIO_06:2:C,AB:1734_IR2:C:0,0,,,,-
RIO_06:2:I,AB:1734_IR2:I:0,0,,,,-
RIO_06:3:C,AB:1734_DI8:C:0,0,,,,-
RIO_06:3:I,SINT,0,,,,-
RIO_06:4:C,AB:1734_DI8:C:0,0,,,,-
RIO_06:4:I,SINT,0,,,,-
RIO_06:5:C,AB:1734_DI4:C:0,0,,,,-
RIO_06:5:I,SINT,0,,,,-
RIO_06:6:C,AB:1734_DI4:C:0,0,,,,-
RIO_06:6:I,SINT,0,,,,-
RIO_06:7:C,AB:1734_DI4:C:0,0,,,,-
RIO_06:7:I,SINT,0,,,,-
RIO_06:8:C,AB:1734_DI4:C:0,0,,,,-
RIO_06:8:I,SINT,0,,,,-
RIO_06:9:C,AB:1734_DO4_NODIAG:C:0,0,,,,-
RIO_06:9:O,SINT,0,,,,-
RIO_06:I,AB:1734_12SLOT:I:0,0,,,,-
RIO_06:O,AB:1734_12SLOT:O:0,0,,,,-
Rio_06_Adp_Ok,BOOL,0,,,,-
RIO_06_HMI_IO1,STRING,1,10,0,9,10
RIO_06_HMI_IO10,STRING,1,10,0,9,10
RIO_06_HMI_IO11,STRING,1,10,0,9,10
RIO_06_HMI_IO2,STRING,1,10,0,9,10
RIO_06_HMI_IO3,STRING,1,10,0,9,10
RIO_06_HMI_IO4,STRING,1,10,0,9,10
RIO_06_HMI_IO5,STRING,1,10,0,9,10
RIO_06_HMI_IO6,STRING,1,10,0,9,10
RIO_06_HMI_IO7,STRING,1,10,0,9,10
RIO_06_HMI_IO8,STRING,1,10,0,9,10
RIO_06_HMI_IO9,STRING,1,10,0,9,10
RIO_07:10:C,AB:1734_DO4_NODIAG:C:0,0,,,,-
RIO_07:10:O,SINT,0,,,,-
RIO_07:1:I,AB:1734_IB8S_SAFETY2:I:0,0,,,,-
RIO_07:1:O,AB:1734_IB8S:O:0,0,,,,-
RIO_07:2:C,AB:1734_IE2:C:0,0,,,,-
RIO_07:2:I,AB:1734_IE2:I:0,0,,,,-
RIO_07:3:C,AB:1734_OE2:C:0,0,,,,-
RIO_07:3:I,AB:1734_OE2:I:0,0,,,,-
RIO_07:3:O,AB:1734_OE2:O:0,0,,,,-
RIO_07:4:C,AB:1734_DI4:C:0,0,,,,-
RIO_07:4:I,SINT,0,,,,-
RIO_07:5:C,AB:1734_DI4:C:0,0,,,,-
RIO_07:5:I,SINT,0,,,,-
RIO_07:6:C,AB:1734_DI4:C:0,0,,,,-
RIO_07:6:I,SINT,0,,,,-
RIO_07:7:C,AB:1734_DI4:C:0,0,,,,-
RIO_07:7:I,SINT,0,,,,-
RIO_07:8:C,AB:1734_DI4:C:0,0,,,,-
RIO_07:8:I,SINT,0,,,,-
RIO_07:9:C,AB:1734_DO4_NODIAG:C:0,0,,,,-
RIO_07:9:O,SINT,0,,,,-
RIO_07:I,AB:1734_11SLOT:I:0,0,,,,-
RIO_07:O,AB:1734_11SLOT:O:0,0,,,,-
Rio_07_Adp_Ok,BOOL,0,,,,-
RIO_07_HMI_IO1,STRING,1,10,0,9,10
RIO_07_HMI_IO10,STRING,1,10,0,9,10
RIO_07_HMI_IO2,STRING,1,10,0,9,10
RIO_07_HMI_IO3,STRING,1,10,0,9,10
RIO_07_HMI_IO4,STRING,1,10,0,9,10
RIO_07_HMI_IO5,STRING,1,10,0,9,10
RIO_07_HMI_IO6,STRING,1,10,0,9,10
RIO_07_HMI_IO7,STRING,1,10,0,9,10
RIO_07_HMI_IO8,STRING,1,10,0,9,10
RIO_07_HMI_IO9,STRING,1,10,0,9,10
RIO_08:10:C,AB:1734_SSI:C:1,0,,,,-
RIO_08:10:I,AB:1734_SSI:I:0,0,,,,-
RIO_08:10:O,AB:1734_SSI:O:0,0,,,,-
RIO_08:11:C,AB:1734_SSI:C:1,0,,,,-
RIO_08:11:I,AB:1734_SSI:I:0,0,,,,-
RIO_08:11:O,AB:1734_SSI:O:0,0,,,,-
RIO_08:12:C,AB:1734_OE2:C:0,0,,,,-
RIO_08:12:I,AB:1734_OE2:I:0,0,,,,-
RIO_08:12:O,AB:1734_OE2:O:0,0,,,,-
RIO_08:13:C,AB:1734_DI8:C:0,0,,,,-
RIO_08:13:I,SINT,0,,,,-
RIO_08:14:C,AB:1734_DI8:C:0,0,,,,-
RIO_08:14:I,SINT,0,,,,-
RIO_08:15:C,AB:1734_DI8:C:0,0,,,,-
RIO_08:15:I,SINT,0,,,,-
RIO_08:16:C,AB:1734_DI8:C:0,0,,,,-
RIO_08:16:I,SINT,0,,,,-
RIO_08:17:C,AB:1734_DI8:C:0,0,,,,-
RIO_08:17:I,SINT,0,,,,-
RIO_08:18:C,AB:1734_DI8:C:0,0,,,,-
RIO_08:18:I,SINT,0,,,,-
RIO_08:19:C,AB:1734_DI8:C:0,0,,,,-
RIO_08:19:I,SINT,0,,,,-
RIO_08:1:I,AB:1734_IB8S_SAFETY2:I:0,0,,,,-
RIO_08:1:O,AB:1734_IB8S:O:0,0,,,,-
RIO_08:20:C,AB:1734_DI8:C:0,0,,,,-
RIO_08:20:I,SINT,0,,,,-
RIO_08:21:C,AB:1734_DI8:C:0,0,,,,-
RIO_08:21:I,SINT,0,,,,-
RIO_08:22:C,AB:1734_DI8:C:0,0,,,,-
RIO_08:22:I,SINT,0,,,,-
RIO_08:23:C,AB:1734_DI8:C:0,0,,,,-
RIO_08:23:I,SINT,0,,,,-
RIO_08:24:C,AB:1734_DI8:C:0,0,,,,-
RIO_08:24:I,SINT,0,,,,-
RIO_08:25:C,AB:1734_DI8:C:0,0,,,,-
RIO_08:25:I,SINT,0,,,,-
RIO_08:26:C,AB:1734_DO8_NODIAG:C:0,0,,,,-
RIO_08:26:I,SINT,0,,,,-
RIO_08:26:O,SINT,0,,,,-
RIO_08:27:C,AB:1734_DO8_NODIAG:C:0,0,,,,-
RIO_08:27:I,SINT,0,,,,-
RIO_08:27:O,SINT,0,,,,-
RIO_08:28:C,AB:1734_DO8_NODIAG:C:0,0,,,,-
RIO_08:28:I,SINT,0,,,,-
RIO_08:28:O,SINT,0,,,,-
RIO_08:29:C,AB:1734_DO8_NODIAG:C:0,0,,,,-
RIO_08:29:I,SINT,0,,,,-
RIO_08:29:O,SINT,0,,,,-
RIO_08:2:I,AB:1734_IB8S_SAFETY2:I:0,0,,,,-
RIO_08:2:O,AB:1734_IB8S:O:0,0,,,,-
RIO_08:30:C,AB:1734_DO8_NODIAG:C:0,0,,,,-
RIO_08:30:I,SINT,0,,,,-
RIO_08:30:O,SINT,0,,,,-
RIO_08:3:I,AB:1734_IB8S_SAFETY2:I:0,0,,,,-
RIO_08:3:O,AB:1734_IB8S:O:0,0,,,,-
RIO_08:4:I,AB:1734_IB8S_SAFETY2:I:0,0,,,,-
RIO_08:4:O,AB:1734_IB8S:O:0,0,,,,-
RIO_08:5:I,AB:1734_IB8S_SAFETY2:I:0,0,,,,-
RIO_08:5:O,AB:1734_IB8S:O:0,0,,,,-
RIO_08:6:C,AB:1734_IR2:C:0,0,,,,-
RIO_08:6:I,AB:1734_IR2:I:0,0,,,,-
RIO_08:7:C,AB:1734_IR2:C:0,0,,,,-
RIO_08:7:I,AB:1734_IR2:I:0,0,,,,-
RIO_08:8:C,AB:1734_IR2:C:0,0,,,,-
RIO_08:8:I,AB:1734_IR2:I:0,0,,,,-
RIO_08:9:C,AB:1734_SSI:C:1,0,,,,-
RIO_08:9:I,AB:1734_SSI:I:0,0,,,,-
RIO_08:9:O,AB:1734_SSI:O:0,0,,,,-
RIO_08:I,AB:1734_31SLOT:I:0,0,,,,-
RIO_08:O,AB:1734_31SLOT:O:0,0,,,,-
Rio_08_Adp_Ok,BOOL,0,,,,-
RIO_08_HMI_IO1,STRING,1,10,0,9,10
RIO_08_HMI_IO10,STRING,1,10,0,9,10
RIO_08_HMI_IO11,STRING,1,10,0,9,10
RIO_08_HMI_IO12,STRING,1,10,0,9,10
RIO_08_HMI_IO13,STRING,1,10,0,9,10
RIO_08_HMI_IO14,STRING,1,10,0,9,10
RIO_08_HMI_IO15,STRING,1,10,0,9,10
RIO_08_HMI_IO16,STRING,1,10,0,9,10
RIO_08_HMI_IO17,STRING,1,10,0,9,10
RIO_08_HMI_IO18,STRING,1,10,0,9,10
RIO_08_HMI_IO19,STRING,1,10,0,9,10
RIO_08_HMI_IO2,STRING,1,10,0,9,10
RIO_08_HMI_IO20,STRING,1,10,0,9,10
RIO_08_HMI_IO21,STRING,1,10,0,9,10
RIO_08_HMI_IO22,STRING,1,10,0,9,10
RIO_08_HMI_IO23,STRING,1,10,0,9,10
RIO_08_HMI_IO24,STRING,1,10,0,9,10
RIO_08_HMI_IO25,STRING,1,10,0,9,10
RIO_08_HMI_IO26,STRING,1,10,0,9,10
RIO_08_HMI_IO27,STRING,1,10,0,9,10
RIO_08_HMI_IO28,STRING,1,10,0,9,10
RIO_08_HMI_IO29,STRING,1,10,0,9,10
RIO_08_HMI_IO3,STRING,1,10,0,9,10
RIO_08_HMI_IO30,STRING,1,10,0,9,10
RIO_08_HMI_IO4,STRING,1,10,0,9,10
RIO_08_HMI_IO5,STRING,1,10,0,9,10
RIO_08_HMI_IO6,STRING,1,10,0,9,10
RIO_08_HMI_IO7,STRING,1,10,0,9,10
RIO_08_HMI_IO8,STRING,1,10,0,9,10
RIO_08_HMI_IO9,STRING,1,10,0,9,10
RIO_09:1:C,AB:1734_IE2:C:0,0,,,,-
RIO_09:1:I,AB:1734_IE2:I:0,0,,,,-
RIO_09:2:C,AB:1734_OE2:C:0,0,,,,-
RIO_09:2:I,AB:1734_OE2:I:0,0,,,,-
RIO_09:2:O,AB:1734_OE2:O:0,0,,,,-
RIO_09:3:C,AB:1734_DI4:C:0,0,,,,-
RIO_09:3:I,SINT,0,,,,-
RIO_09:4:C,AB:1734_DI4:C:0,0,,,,-
RIO_09:4:I,SINT,0,,,,-
RIO_09:5:C,AB:1734_DO4_NODIAG:C:0,0,,,,-
RIO_09:5:O,SINT,0,,,,-
RIO_09:I,AB:1734_6SLOT:I:0,0,,,,-
RIO_09:O,AB:1734_6SLOT:O:0,0,,,,-
Rio_09_Adp_Ok,BOOL,0,,,,-
RIO_09_HMI_IO1,STRING,1,10,0,9,10
RIO_09_HMI_IO2,STRING,1,10,0,9,10
RIO_09_HMI_IO3,STRING,1,10,0,9,10
RIO_09_HMI_IO4,STRING,1,10,0,9,10
RIO_09_HMI_IO5,STRING,1,10,0,9,10
RIO_10:1:C,AB:1734_IE2:C:0,0,,,,-
RIO_10:1:I,AB:1734_IE2:I:0,0,,,,-
RIO_10:2:C,AB:1734_OE2:C:0,0,,,,-
RIO_10:2:I,AB:1734_OE2:I:0,0,,,,-
RIO_10:2:O,AB:1734_OE2:O:0,0,,,,-
RIO_10:3:C,AB:1734_DI4:C:0,0,,,,-
RIO_10:3:I,SINT,0,,,,-
RIO_10:4:C,AB:1734_DI4:C:0,0,,,,-
RIO_10:4:I,SINT,0,,,,-
RIO_10:5:C,AB:1734_DO4_NODIAG:C:0,0,,,,-
RIO_10:5:O,SINT,0,,,,-
RIO_10:I,AB:1734_6SLOT:I:0,0,,,,-
RIO_10:O,AB:1734_6SLOT:O:0,0,,,,-
Rio_10_Adp_Ok,BOOL,0,,,,-
RIO_10_HMI_IO1,STRING,1,10,0,9,10
RIO_10_HMI_IO2,STRING,1,10,0,9,10
RIO_10_HMI_IO3,STRING,1,10,0,9,10
RIO_10_HMI_IO4,STRING,1,10,0,9,10
RIO_10_HMI_IO5,STRING,1,10,0,9,10
RIO_11:1:C,AB:1734_IE2:C:0,0,,,,-
RIO_11:1:I,AB:1734_IE2:I:0,0,,,,-
RIO_11:2:C,AB:1734_OE2:C:0,0,,,,-
RIO_11:2:I,AB:1734_OE2:I:0,0,,,,-
RIO_11:2:O,AB:1734_OE2:O:0,0,,,,-
RIO_11:3:C,AB:1734_DI4:C:0,0,,,,-
RIO_11:3:I,SINT,0,,,,-
RIO_11:4:C,AB:1734_DI4:C:0,0,,,,-
RIO_11:4:I,SINT,0,,,,-
RIO_11:5:C,AB:1734_DO4_NODIAG:C:0,0,,,,-
RIO_11:5:O,SINT,0,,,,-
RIO_11:I,AB:1734_6SLOT:I:0,0,,,,-
RIO_11:O,AB:1734_6SLOT:O:0,0,,,,-
Rio_11_Adp_Ok,BOOL,0,,,,-
RIO_11_HMI_IO1,STRING,1,10,0,9,10
RIO_11_HMI_IO2,STRING,1,10,0,9,10
RIO_11_HMI_IO3,STRING,1,10,0,9,10
RIO_11_HMI_IO4,STRING,1,10,0,9,10
RIO_11_HMI_IO5,STRING,1,10,0,9,10
RIO_12:1:C,AB:1734_IE2:C:0,0,,,,-
RIO_12:1:I,AB:1734_IE2:I:0,0,,,,-
RIO_12:2:C,AB:1734_OE2:C:0,0,,,,-
RIO_12:2:I,AB:1734_OE2:I:0,0,,,,-
RIO_12:2:O,AB:1734_OE2:O:0,0,,,,-
RIO_12:3:C,AB:1734_DI4:C:0,0,,,,-
RIO_12:3:I,SINT,0,,,,-
RIO_12:4:C,AB:1734_DI4:C:0,0,,,,-
RIO_12:4:I,SINT,0,,,,-
RIO_12:5:C,AB:1734_DO4_NODIAG:C:0,0,,,,-
RIO_12:5:O,SINT,0,,,,-
RIO_12:I,AB:1734_6SLOT:I:0,0,,,,-
RIO_12:O,AB:1734_6SLOT:O:0,0,,,,-
Rio_12_Adp_Ok,BOOL,0,,,,-
RIO_12_HMI_IO1,STRING,1,10,0,9,10
RIO_12_HMI_IO2,STRING,1,10,0,9,10
RIO_12_HMI_IO3,STRING,1,10,0,9,10
RIO_12_HMI_IO4,STRING,1,10,0,9,10
RIO_12_HMI_IO5,STRING,1,10,0,9,10
RPAR_CCDR_COLLAPSE_DIAMETER,REAL,0,,,,-
RPAR_CCDR_EXPAND_DIAMETER,REAL,0,,,,-
RPAR_IL_LH_Zone2_Pressure,REAL,0,,,,-
RPAR_IL_LH_Zone3_Pressure,REAL,0,,,,-
RPAR_IL_LH_Zone4_Pressure,REAL,0,,,,-
RPAR_IL_LH_Zone5_Pressure,REAL,0,,,,-
RPAR_IL_LH_Zone6_Pressure,REAL,0,,,,-
RPAR_IL_MATERIAL_THICKNESS,REAL,0,,,,-
RPAR_IL_RH_Zone1_Pressure,REAL,0,,,,-
RPAR_IL_RH_Zone2_Pressure,REAL,0,,,,-
RPAR_IL_RH_Zone3_Pressure,REAL,0,,,,-
RPAR_IL_RH_Zone4_Pressure,REAL,0,,,,-
RPAR_IL_RH_Zone5_Pressure,REAL,0,,,,-
RPAR_IL_RH_Zone6_Pressure,REAL,0,,,,-
RPAR_P1_LH_Zone2_Pressure,REAL,0,,,,-
RPAR_P1_LH_Zone3_Pressure,REAL,0,,,,-
RPAR_P1_LH_Zone4_Pressure,REAL,0,,,,-
RPAR_P1_LH_Zone5_Pressure,REAL,0,,,,-
RPAR_P1_LH_Zone6_Pressure,REAL,0,,,,-
RPAR_P1_MATERIAL_THICKNESS,REAL,0,,,,-
RPAR_P1_RH_Zone1_Pressure,REAL,0,,,,-
RPAR_P1_RH_Zone2_Pressure,REAL,0,,,,-
RPAR_P1_RH_Zone3_Pressure,REAL,0,,,,-
RPAR_P1_RH_Zone4_Pressure,REAL,0,,,,-
RPAR_P1_RH_Zone5_Pressure,REAL,0,,,,-
RPAR_P1_RH_Zone6_Pressure,REAL,0,,,,-
RPAR_P2_LH_Zone2_Pressure,REAL,0,,,,-
RPAR_P2_LH_Zone3_Pressure,REAL,0,,,,-
RPAR_P2_LH_Zone4_Pressure,REAL,0,,,,-
RPAR_P2_LH_Zone5_Pressure,REAL,0,,,,-
RPAR_P2_LH_Zone6_Pressure,REAL,0,,,,-
RPAR_P2_MATERIAL_THICKNESS,REAL,0,,,,-
RPAR_P2_RH_Zone1_Pressure,REAL,0,,,,-
RPAR_P2_RH_Zone2_Pressure,REAL,0,,,,-
RPAR_P2_RH_Zone3_Pressure,REAL,0,,,,-
RPAR_P2_RH_Zone4_Pressure,REAL,0,,,,-
RPAR_P2_RH_Zone5_Pressure,REAL,0,,,,-
RPAR_P2_RH_Zone6_Pressure,REAL,0,,,,-
RPAR_P3_LH_Zone2_Pressure,REAL,0,,,,-
RPAR_P3_LH_Zone3_Pressure,REAL,0,,,,-
RPAR_P3_LH_Zone4_Pressure,REAL,0,,,,-
RPAR_P3_LH_Zone5_Pressure,REAL,0,,,,-
RPAR_P3_LH_Zone6_Pressure,REAL,0,,,,-
RPAR_P3_MATERIAL_THICKNESS,REAL,0,,,,-
RPAR_P3_RH_Zone1_Pressure,REAL,0,,,,-
RPAR_P3_RH_Zone2_Pressure,REAL,0,,,,-
RPAR_P3_RH_Zone3_Pressure,REAL,0,,,,-
RPAR_P3_RH_Zone4_Pressure,REAL,0,,,,-
RPAR_P3_RH_Zone5_Pressure,REAL,0,,,,-
RPAR_P3_RH_Zone6_Pressure,REAL,0,,,,-
RPAR_SWAP_WITH_TPRL,REAL,0,,,,-
RPAR_SW_LH_Zone2_Pressure,REAL,0,,,,-
RPAR_SW_LH_Zone3_Pressure,REAL,0,,,,-
RPAR_SW_LH_Zone4_Pressure,REAL,0,,,,-
RPAR_SW_LH_Zone5_Pressure,REAL,0,,,,-
RPAR_SW_LH_Zone6_Pressure,REAL,0,,,,-
RPAR_SW_MATERIAL_THICKNESS,REAL,0,,,,-
RPAR_SW_RH_Zone1_Pressure,REAL,0,,,,-
RPAR_SW_RH_Zone1_Pressure1,REAL,0,,,,-
RPAR_SW_RH_Zone2_Pressure,REAL,0,,,,-
RPAR_SW_RH_Zone2_Pressure1,REAL,0,,,,-
RPAR_SW_RH_Zone3_Pressure,REAL,0,,,,-
RPAR_SW_RH_Zone3_Pressure1,REAL,0,,,,-
RPAR_SW_RH_Zone4_Pressure,REAL,0,,,,-
RPAR_SW_RH_Zone4_Pressure1,REAL,0,,,,-
RPAR_SW_RH_Zone5_Pressure,REAL,0,,,,-
RPAR_SW_RH_Zone6_Pressure,REAL,0,,,,-
RRDBROAD_MAX_TQ,DINT,0,,,,-
RRDBROAD_MIN_TQ,DINT,0,,,,-
RRDBROAD_TQ_FB,DINT,0,,,,-
RRDBROAD_TQ_RESET,BOOL,0,,,,-
RRDLEFT_MAX_TQ,DINT,0,,,,-
RRDLEFT_MIN_TQ,DINT,0,,,,-
RRDLEFT_TQ_FB,DINT,0,,,,-
RRDLEFT_TQ_RESET,BOOL,0,,,,-
RRDL_InLimit,REAL,0,,,,-
RRDL_OutLimit,REAL,0,,,,-
RRDRIGHT_MAX_TQ,DINT,0,,,,-
RRDRIGHT_MIN_TQ,DINT,0,,,,-
RRDRIGHT_TQ_FB,DINT,0,,,,-
RRDRIGHT_TQ_RESET,BOOL,0,,,,-
RRDR_InLimit,REAL,0,,,,-
RRDR_OutLimit,REAL,0,,,,-
RRD_Blader_Set_Pressure,REAL,0,,,,-
RRD_Broad:S,AB:MOTION_DIAGNOSTICS:S:1,0,,,,-
RRD_Broad_Axial_Pos,REAL,0,,,,-
RRD_BROAD_HOME,BOOL,0,,,,-
RRD_CONTOUR_DISK_CT,REAL,0,,,,-
RRD_Left:S,AB:MOTION_DIAGNOSTICS:S:1,0,,,,-
RRD_Radial:S,AB:MOTION_DIAGNOSTICS:S:1,0,,,,-
RRD_Radial_Front_Position_FBDK,BOOL,0,,,,-
RRD_Rad_pos,INT,0,,,,-
RRD_Right:S,AB:MOTION_DIAGNOSTICS:S:1,0,,,,-
RTO_CT_ELEMENT,TIMER,1,50,0,49,50
RTO_CT_REST,DWORD,1,1,0,0,1
RT_Turnup_Ring_Parking_Pos,BOOL,0,,,,-
RT_Turnup_Ring_Parking_Pos_HLim,REAL,0,,,,-
RT_Turnup_Ring_Parking_Pos_LLim,REAL,0,,,,-
RUNNING_GTCODE,STRING,0,,,,-
Running_Product_Code,STRING,0,,,,-
Running_Product_Code_Final,STRING,0,,,,-
Running_Product_Code_Old,STRING,0,,,,-
Running_Recipe_Code,STRING,0,,,,-
Running_recipe_Code_Old,STRING,0,,,,-
Running_Recipe_Data,REAL,1,350,0,349,350
Running_Stop_Data,DINT,1,20,0,19,20
SafetyDoor_LeftSide_Active,BOOL,0,,,,-
SafetyDoor_Left_Side,REDUNDANT_INPUT,0,,,,-
SafetyDoor_RightSide_Active,BOOL,0,,,,-
SafetyDoor_Right_Side,REDUNDANT_INPUT,0,,,,-
SafetyFence_Front_LeftSide,REDUNDANT_INPUT,0,,,,-
SafetyFence_Front_LeftSide_ChannelA,BOOL,0,,,,-
SafetyFence_Front_LeftSide_ChannelB,BOOL,0,,,,-
SafetyFence_LeftSide_Front_Active,BOOL,0,,,,-
SafetyFence_Middle_RightSide,REDUNDANT_INPUT,0,,,,-
SafetyFence_Middle_RightSide_ChannelA,BOOL,0,,,,-
SafetyFence_Middle_RightSide_ChannelB,BOOL,0,,,,-
SafetyFence_Rear_RightSide,REDUNDANT_INPUT,0,,,,-
SafetyFence_Rear_RightSide_ChannelA,BOOL,0,,,,-
SafetyFence_Rear_RightSide_ChannelB,BOOL,0,,,,-
SafetyFence_Rear_SWSide,REDUNDANT_INPUT,0,,,,-
SafetyFence_Rear_SWSide_ChannelA,BOOL,0,,,,-
SafetyFence_Rear_SWSide_ChannelB,BOOL,0,,,,-
SafetyFence_RightSide_Middle_Active,BOOL,0,,,,-
SafetyFence_RightSide_Rear_Active,BOOL,0,,,,-
SafetyFence_SWSide_Rear_Active,BOOL,0,,,,-
safety_bypass,BOOL,0,,,,-
Safety_Curtain_Interrupted_Auto,BOOL,0,,,,-
Safety_RopeSwitch_LeftSide_Active,BOOL,0,,,,-
Safety_RopeSwitch_RightSide_Active,BOOL,0,,,,-
SAFE_230VSuply_ServoGrp1_OK_MCB,BOOL,0,,,,-
SAFE_230VSuply_ServoGrp2_OK_MCB,BOOL,0,,,,-
SAFE_230VSuply_ServoGrp3_OK_MCB,BOOL,0,,,,-
SAFE_24VDC_Servo_Brake_OK_MCB,BOOL,0,,,,-
SAFE_24VDC_Servo_OK_MCB,BOOL,0,,,,-
SAFE_415_ServoGrp1_OK_MPCB,BOOL,0,,,,-
SAFE_415_ServoGrp2_OK_MPCB,BOOL,0,,,,-
SAFE_415_ServoGrp3_OK_MPCB,BOOL,0,,,,-
Safe_ALL_EStop_Channel_Not_Healthy,BOOL,0,,,,-
Safe_Control_Voltage_ON,BOOL,0,,,,-
SAFE_DO_P1_LftHeater_SSR,BOOL,0,,,,-
SAFE_DO_P1_RhtHeater_SSR,BOOL,0,,,,-
SAFE_DO_P2_LftHeater_SSR,BOOL,0,,,,-
SAFE_DO_P2_RhtHeater_SSR,BOOL,0,,,,-
SAFE_DO_P3_LftHeater_SSR,BOOL,0,,,,-
SAFE_DO_P3_RhtHeater_SSR,BOOL,0,,,,-
SAFE_DO_SWHeater_SSR,BOOL,0,,,,-
SAFE_ServoGrp1_Output,BOOL,0,,,,-
SAFE_ServoGrp2_Output,BOOL,0,,,,-
SAFE_ServoGrp3_Output,BOOL,0,,,,-
SAP_Cycle_Time_Sec,REAL,0,,,,-
SA_BeadFix,BOOL,0,,,,-
SA_DskStchr,BOOL,0,,,,-
SA_InsrtBD,BOOL,0,,,,-
SA_RRD,BOOL,0,,,,-
SA_SW,BOOL,0,,,,-
SA_Toprol_Man,BOOL,0,,,,-
SA_Turnup,BOOL,0,,,,-
SCADA_PANEL_ESTOP,EMERGENCY_STOP,0,,,,-
SCADA_Panel_ESTOP_Active,BOOL,0,,,,-
ScaledMachineSpeed_PPM,DINT,0,,,,-
Screen_Number,DINT,0,,,,-
ScrnNo_OSF_OB,BOOL,0,,,,-
ScrnNo_OSF_SB,BOOL,0,,,,-
ScrnNo_Reset_Delay,TIMER,0,,,,-
Search,STRING,0,,,,-
Seft_IL_DO_Reset_Safety_OLT,BOOL,0,,,,-
Seft_Ply1_DO_Reset_Safety_OLT,BOOL,0,,,,-
Seft_Ply2_DO_Reset_Safety_OLT,BOOL,0,,,,-
Seft_Ply3_DO_Reset_Safety_OLT,BOOL,0,,,,-
ServoGrp1_Output1_SafeOff,BOOL,0,,,,-
ServoGrp1_Output2_SafeOff,BOOL,0,,,,-
ServoGrp2_Output1_SafeOff,BOOL,0,,,,-
ServoGrp2_Output2_SafeOff,BOOL,0,,,,-
ServoGrp3_Output1_SafeOff,BOOL,0,,,,-
ServoGrp3_Output2_SafeOff,BOOL,0,,,,-
ServoGrp4_Output1_SafeOff,BOOL,0,,,,-
ServoGrp4_Output2_SafeOff,BOOL,0,,,,-
Servo_Grp1,REDUNDANT_OUTPUT,0,,,,-
Servo_Grp2,REDUNDANT_OUTPUT,0,,,,-
Servo_Grp3,REDUNDANT_OUTPUT,0,,,,-
Servo_Grp4,REDUNDANT_OUTPUT,0,,,,-
Set_Beads_SFC_Act_002a,SFC_ACTION,0,,,,-
Set_Beads_SFC_Act_002c,SFC_ACTION,0,,,,-
SET_BEAD_CHECK_CT,REAL,0,,,,-
SET_BEAD_CT,REAL,0,,,,-
SET_BEAD_CYCLE_TIME,REAL,0,,,,-
SET_BEAD_MACHINE_CT,REAL,0,,,,-
SET_BEAD_OP_DELAY_TIME,REAL,0,,,,-
set_counter,COUNTER,0,,,,-
Set_Turnup_HS_TorqueLimitPOS,REAL,0,,,,-
Set_Turnup_TS_TorqueLimitPOS,REAL,0,,,,-
SHIFT_CAPTURED,STRING,0,,,,-
Shift_Counter,DINT,0,,,,-
SIDEWALL_APLY_CYCLE_TIME,REAL,0,,,,-
SIDEWALL_APPLY_OP_DELAY_TIME,REAL,0,,,,-
Sidewall_LetOff,AOI_LETOFFCONTROL,0,,,,-
Sidewall_Spot_Pos,REAL,0,,,,-
Sidewall_Spot_Pos_HLL,DINT,0,,,,-
SIDEWALL_STITCHING_CYCLE_TIME,REAL,0,,,,-
SIDEWALL_STITCH_OP_DELAY_TIME,REAL,0,,,,-
Sidewall_with_toproll_IPB,BOOL,0,,,,-
Sidewall_with_toproll_Toggle,BOOL,0,,,,-
SPARE_CT,DINT,1,10,0,9,10
SPARE_IO,BOOL,0,,,,-
Start_Home_Sequence,BOOL,0,,,,-
start_log,BOOL,0,,,,-
START_TIME_FS,DINT,0,,,,-
stitcher_SFC_Act_B12_b,SFC_ACTION,0,,,,-
STITCHING_SEQ_START,BOOL,0,,,,-
StopBraws_SemiAuto_Scr,BOOL,0,,,,-
STOP_TIME_FS,DINT,0,,,,-
SV,REAL,1,1000,0,999,1000
SWConv_Front_ESTOP,EMERGENCY_STOP,0,,,,-
SWConv_Front_ESTOP_ACTIVE,BOOL,0,,,,-
SWConv_Rear_ESTOP,EMERGENCY_STOP,0,,,,-
SWConv_Rear_ESTOP_ACTIVE,BOOL,0,,,,-
SWFC_L_BELT_LIFE,REAL,0,,,,-
SWPP_Appl_Gear_Ratio,REAL,0,,,,-
SWPP_Back_Position,REAL,0,,,,-
SWPP_Back_Position_Accept_Dly,TIMER,0,,,,-
SWPP_Front_Position,REAL,0,,,,-
SWPP_Front_Position_Accept_Dly,TIMER,0,,,,-
SWPP_LH_Appl_Gear_Ratio,REAL,0,,,,-
SWPP_MAM_ONS,BOOL,0,,,,-
swpp_ons,INT,0,,,,-
SWPP_Pos,DINT,0,,,,-
SWPP_Pre_Position,REAL,0,,,,-
SWPP_Pre_Position_Accept_Dly,TIMER,0,,,,-
SWPP_RH_Appl_Gear_Ratio,REAL,0,,,,-
SW_Act_Mat_Length,REAL,0,,,,-
SW_ACT_WIDTH_MM,REAL,0,,,,-
SW_APPLY_CT,REAL,0,,,,-
SW_Appl_Finish_Time,DATETIME_TYPE,0,,,,-
SW_Appl_Speed,REAL,0,,,,-
SW_Appl_Start_Time,DATETIME_TYPE,0,,,,-
SW_APP_STARTED,BOOL,0,,,,-
SW_Conv,PFLEX_70EC_AOI,0,,,,-
SW_Conv:I,AB:POWERFLEX70EC_49A2F517:I:0,0,,,,-
SW_Conv:O,AB:POWERFLEX70EC_942C105B:O:0,0,,,,-
SW_Conveyor_Estop_RESET_OLT,BOOL,0,,,,-
SW_CT_MACHINE,REAL,0,,,,-
SW_CT_MAN,REAL,0,,,,-
SW_CT_Stop,BOOL,0,,,,-
SW_Cutter_Count,COUNTER,0,,,,-
SW_Cutter_Life,DINT,0,,,,-
SW_CUTTER_SET_LIMIT,DINT,0,,,,-
SW_Dancing_Roll_Empty_Delay,TIMER,0,,,,-
SW_Dinner,REAL,0,,,,-
SW_Douter,REAL,0,,,,-
SW_Fill_Factor,REAL,0,,,,-
SW_FWD_Tmr,TIMER,0,,,,-
SW_Heater_BoolAND,FBD_BOOLEAN_AND,0,,,,-
SW_Heater_Off,TIMER,0,,,,-
SW_Heater_On,TIMER,0,,,,-
SW_Heater_Pid_Control,PID_ENHANCED,0,,,,-
SW_Heater_SRTP,SPLIT_RANGE,0,,,,-
SW_Heater_temp_HighLimit,REAL,0,,,,-
SW_Heater_temp_LowLimit,REAL,0,,,,-
Sw_heater_temp_mode,BOOL,0,,,,-
SW_Heater_Timer_Mode,BOOL,0,,,,-
SW_Htr_UPDly,TIMER,0,,,,-
SW_Interroller_ON_CMD,BOOL,0,,,,-
SW_KNIFE_WARNING,BOOL,0,,,,-
SW_Left:S,AB:MOTION_DIAGNOSTICS:S:1,0,,,,-
SW_LetOff:I,AB:POWERFLEX70EC_49A2F517:I:0,0,,,,-
SW_LetOff:O,AB:POWERFLEX70EC_942C105B:O:0,0,,,,-
SW_LetOffCycleTimeFault,BOOL,0,,,,-
Sw_Letoff_Empty,BOOL,0,,,,-
SW_LetOff_FaultCode,DINT,0,,,,-
SW_LetOff_FP,PFLEX_70EC_AOI,0,,,,-
SW_Letoff_HMI_Pop,BOOL,0,,,,-
Sw_Letoff_Near_To_Empty,BOOL,0,,,,-
SW_Letoff_SafetyCurtain_Active,BOOL,0,,,,-
SW_LetOff_Status,DINT,0,,,,-
SW_LO_CONVEYOR_BELT_LIFE,DINT,0,,,,-
SW_PP:S,AB:MOTION_DIAGNOSTICS:S:1,0,,,,-
SW_Ready_4_Lay_On,BOOL,0,,,,-
SW_REPLACE_TOLERANCE,DINT,0,,,,-
SW_Right:S,AB:MOTION_DIAGNOSTICS:S:1,0,,,,-
SW_Roller_Drive_Loop_Sensor_Selection,BOOL,0,,,,-
SW_Safety_Reset_IPB,BOOL,0,,,,-
SW_Safe_Conveyor_Estop_RESET_OLT,BOOL,0,,,,-
SW_Safe_LetOffCycleTimeFault,BOOL,0,,,,-
SW_Servicer_Auto_Perm26,MASRA_MC3617_2018,0,,,,-
SW_Servicer_Auto_Perm27,MASRA_MC3617_2018,0,,,,-
SW_Servicer_Auto_Perm28,MASRA_MC3617_2018,0,,,,-
SW_Servicer_Auto_Perm29,MASRA_MC3617_2018,0,,,,-
SW_Servicer_Auto_Perm30,MASRA_MC3617_2018,0,,,,-
SW_Servicer_Auto_Perm31,MASRA_MC3617_2018,0,,,,-
SW_Servicer_Auto_Perm32,MASRA_MC3617_2018,0,,,,-
SW_Servicer_Auto_Perm33,MASRA_MC3617_2018,0,,,,-
SW_Servicer_SFC_Act_009a1,SFC_ACTION,0,,,,-
SW_SPLICE_CHECK,BOOL,0,,,,-
SW_SPLICE_CHECK_CT,REAL,0,,,,-
SW_Thickness_Liner,REAL,0,,,,-
SW_Thickness_Mat,REAL,0,,,,-
SW_TOLERANCE_RESET,DINT,0,,,,-
sw_toproll_app,BOOL,0,,,,-
SW_with_contour,BOOL,0,,,,-
SW_with_toproll_Toggle,TOGGLE,0,,,,-
SW_with_toproll_Toggle_Hold,TOGGLE,0,,,,-
SW_Z1_ACTIVE,BOOL,0,,,,-
SW_Z2_ACTIVE,BOOL,0,,,,-
SW_Z3_ACTIVE,BOOL,0,,,,-
SW_Z4_ACTIVE,BOOL,0,,,,-
SW_Z5_ACTIVE,BOOL,0,,,,-
SW_Z6_ACTIVE,BOOL,0,,,,-
SystemUserName,STRING,0,,,,-
System_Healthy_To_Start,BOOL,0,,,,-
TAILSTOCK_FWD_CLEARENCE_AUTO,BOOL,0,,,,-
TBD,BOOL,0,,,,-
TBMDiag,UDT_HMIMSG,0,,,,-
TBM_BLINKER_250_MS,BOOL,0,,,,-
TBM_CC_MODE_AUTO,BOOL,0,,,,-
TBM_CC_MODE_MANUAL,BOOL,0,,,,-
TBM_P15_HandShake_MSG,MESSAGE,0,,,,-
TBM_P15_HandShake_MSG1,MESSAGE,0,,,,-
TBM_STD_ALM_PRESENT,BOOL,0,,,,-
temp,BOOL,0,,,,-
Test,DINT,0,,,,-
Testtest1,DINT,0,,,,-
test_add,DINT,0,,,,-
Test_Bits,DINT,0,,,,-
Test_Bypass,DINT,0,,,,-
Test_CT,REAL,1,13,0,12,13
THS_Safe_Pos,REAL,0,,,,-
Tilt_timer,TIMER,0,,,,-
Tilt_timer_1,TIMER,0,,,,-
TIMER_BELT_LIFE_1,TIMER,0,,,,-
TIMER_BELT_LIFE_2,TIMER,0,,,,-
TIMER_BELT_LIFE_3,TIMER,0,,,,-
TIMER_BELT_LIFE_4,TIMER,0,,,,-
TIMER_BELT_LIFE_5,TIMER,0,,,,-
TIMER_BELT_LIFE_6,TIMER,0,,,,-
TIMER_BELT_LIFE_7,TIMER,0,,,,-
TIMER_BELT_RESET,BOOL,0,,,,-
timer_ply1_stripper_roller,TIMER,0,,,,-
Timer_Safe_Motion_Power_ON_Delay,TIMER,0,,,,-
Time_Check,DATETIME_TYPE,0,,,,-
time_count,COUNTER,0,,,,-
Time_Delay,TIMER,0,,,,-
Time_Delay_Bit,BOOL,0,,,,-
Time_Rate,REAL,0,,,,-
ToDo,BOOL,0,,,,-
TOF_CCDR_SAFE_STOP_1_FEEDBACK,TIMER,0,,,,-
TOF_CCDR_SAFE_STOP_2_FEEDBACK,TIMER,0,,,,-
Toggle,COUNTER,0,,,,-
TOLERANCE_RESET,DINT,0,,,,-
TONR_Suck_blow,FBD_TIMER,0,,,,-
TONR_Suck_Dn,FBD_TIMER,0,,,,-
TON_CD_CIP_CONN_OK_TO_RUN,TIMER,0,,,,-
Ton_FailToEnable_TPRL,TIMER,0,,,,-
TON_FLASH1_TMR_OFF_PERIOD,TIMER,0,,,,-
TON_FLASH1_TMR_ON_PERIOD,TIMER,0,,,,-
TON_FLASH_TMR_OFF_PERIOD,TIMER,0,,,,-
TON_FLASH_TMR_ON_PERIOD,TIMER,0,,,,-
TON_FLASH_TMR_ON_PERIOD2,TIMER,0,,,,-
TON_HMI_RESET_CMD,TIMER,0,,,,-
TON_IL_TRAY_FHPP_CTRL_AUTO_HOME,TIMER,0,,,,-
TON_PLY1_HEIGHT,TIMER,0,,,,-
TON_PLY1_TRAY_FHPP_CTRL_AUTO_HOME,TIMER,0,,,,-
TON_PLY2_TRAY_FHPP_CTRL_AUTO_HOME,TIMER,0,,,,-
TON_PLY3_TRAY_FHPP_CTRL_AUTO_HOME,TIMER,0,,,,-
TON_SAFE_CONTROL_VOLTAGE_OFF,TIMER,0,,,,-
TON_SAFE_CONTROL_VOLTAGE_OFF_DELAY,TIMER,0,,,,-
TON_TBM_BLINKER,TIMER,1,4,0,3,4
TON_TPRL_MAM_ABS_MOVE_ER,TIMER,0,,,,-
TON_TPRL_MOVE_TO_PREPOSITION,TIMER,0,,,,-
TON_TPRL_OT_RECOVERY,TIMER,0,,,,-
TON_TPRL_WAIT_TO_REQ_STO,TIMER,0,,,,-
TON_TR_XCCDR_TOR_REF_MAX_RESET,TIMER,0,,,,-
TON_TR_XCCDR_TOR_REF_MIN_RESET,TIMER,0,,,,-
TON_TR_XCONT_ST_TOR_REF_MAX_RESET,TIMER,0,,,,-
TON_TR_XCONT_ST_TOR_REF_MIN_RESET,TIMER,0,,,,-
TON_TR_XDISK_ST_TOR_REF_MAX_RESET,TIMER,0,,,,-
TON_TR_XDISK_ST_TOR_REF_MIN_RESET,TIMER,0,,,,-
TON_TR_XILKNIFE_TOR_REF_MAX_RESET,TIMER,0,,,,-
TON_TR_XILKNIFE_TOR_REF_MIN_RESET,TIMER,0,,,,-
TON_TR_XIL_TOR_REF_MAX_RESET,TIMER,0,,,,-
TON_TR_XIL_TOR_REF_MIN_RESET,TIMER,0,,,,-
TON_TR_XPLY1_TOR_REF_MAX_RESET,TIMER,0,,,,-
TON_TR_XPLY1_TOR_REF_MIN_RESET,TIMER,0,,,,-
TON_TR_XPLY2_TOR_REF_MAX_RESET,TIMER,0,,,,-
TON_TR_XPLY2_TOR_REF_MIN_RESET,TIMER,0,,,,-
TON_TR_XPLY3_TOR_REF_MAX_RESET,TIMER,0,,,,-
TON_TR_XPLY3_TOR_REF_MIN_RESET,TIMER,0,,,,-
TON_TR_XRRD_B_TOR_REF_MAX_RESET,TIMER,0,,,,-
TON_TR_XRRD_B_TOR_REF_MIN_RESET,TIMER,0,,,,-
TON_TR_XRRD_L_TOR_REF_MAX_RESET,TIMER,0,,,,-
TON_TR_XRRD_L_TOR_REF_MIN_RESET,TIMER,0,,,,-
TON_TR_XRRD_RAD_TOR_REF_MAX_RESET,TIMER,0,,,,-
TON_TR_XRRD_RAD_TOR_REF_MIN_RESET,TIMER,0,,,,-
TON_TR_XRRD_R_TOR_REF_MAX_RESET,TIMER,0,,,,-
TON_TR_XRRD_R_TOR_REF_MIN_RESET,TIMER,0,,,,-
TON_TR_XSW_CV_LH_TOR_REF_MAX_RESET,TIMER,0,,,,-
TON_TR_XSW_CV_LH_TOR_REF_MIN_RESET,TIMER,0,,,,-
TON_TR_XSW_CV_RH_TOR_REF_MAX_RESET,TIMER,0,,,,-
TON_TR_XSW_CV_RH_TOR_REF_MIN_RESET,TIMER,0,,,,-
TON_TR_XSW_PP_TOR_REF_MAX_RESET,TIMER,0,,,,-
TON_TR_XSW_PP_TOR_REF_MIN_RESET,TIMER,0,,,,-
TON_TR_XTPRL_TOR_REF_MAX_RESET,TIMER,0,,,,-
TON_TR_XTPRL_TOR_REF_MIN_RESET,TIMER,0,,,,-
TON_TR_XTURNUP_HS_TOR_REF_MAX_RESET,TIMER,0,,,,-
TON_TR_XTURNUP_HS_TOR_REF_MIN_RESET,TIMER,0,,,,-
TON_TR_XTURNUP_TS_TOR_REF_MAX_RESET,TIMER,0,,,,-
TON_TR_XTURNUP_TS_TOR_REF_MIN_RESET,TIMER,0,,,,-
Ton_WaitForSTO_TPRL,TIMER,0,,,,-
toproll,COUNTER,0,,,,-
Toproll_Brake_DOP,BOOL,0,,,,-
Toproll_Down_Delay,TIMER,0,,,,-
Toproll_Down_OP_Delay,TIMER,0,,,,-
TOPROLL_MDR_NEAR_TO_DRUM,BOOL,0,,,,-
TopRoll_Set_Pressure,REAL,0,,,,-
Toproll_Start,BOOL,0,,,,-
Toproll_SW_On,BOOL,0,,,,-
Toprol_Autostop_Preposition_Permission,BOOL,0,,,,-
TotalCT,REAL,0,,,,-
Total_CT,DINT,0,,,,-
TPRL_ACTUAL_POSITION_NEG_TOL,REAL,0,,,,-
TPRL_ACTUAL_POSITION_POS_TOL,REAL,0,,,,-
TPRL_CONVERSION_CONSTANT_FACT,REAL,0,,,,-
TPRL_JOG_SPEED_MMSEC,REAL,0,,,,-
TPRL_MAFR_Timer,TIMER,0,,,,-
TPRL_MI_MAFR,MOTION_INSTRUCTION,0,,,,-
TPRL_NO_SAFETY_ACTIVE,BOOL,0,,,,-
TPRL_ONS_MAFR,BOOL,0,,,,-
TPRL_POSITIONING_SPEED_MMSEC,REAL,0,,,,-
TPRL_SAFETY_ACTIVE,BOOL,0,,,,-
trail,COUNTER,0,,,,-
trail_temp,DINT,0,,,,-
TrayPrePosAllow,DINT,0,,,,-
Trial,DINT,1,3315,0,3314,13 x 255
TRIGGER_TEST_1,BOOL,0,,,,-
Trigger_Timer,TIMER,0,,,,-
Tstck_Safety_Curtain_Interrupted,BOOL,0,,,,-
Tstck_Safety_Curtain_Interrupted_Safe,BOOL,0,,,,-
TS_bck_Tmr,TIMER,0,,,,-
TS_BeadSet_Torque_Req,REAL,0,,,,-
TS_FAST_BACK_TMR,TIMER,0,,,,-
TS_FAST_FWD_TMR,TIMER,0,,,,-
TS_Fwd_Tmr,TIMER,0,,,,-
TS_FW_CT,REAL,0,,,,-
tt34,BOOL,0,,,,-
TTS_Safe_Pos,REAL,0,,,,-
TTS_Safe_Pos1,DINT,0,,,,-
tty,BOOL,0,,,,-
TurnUp_Axis_MAM_6,MOTION_INSTRUCTION,0,,,,-
TurnUp_Home_Pos_HLim,REAL,0,,,,-
TurnUp_Home_Pos_LLim,REAL,0,,,,-
Turnup_HS:S,AB:MOTION_DIAGNOSTICS:S:1,0,,,,-
TurnUp_HS_Axis_Back_Move_CMD,BOOL,0,,,,-
TurnUp_HS_Axis_Fwd_Move_CMD,BOOL,0,,,,-
TurnUp_HS_Home_Pos_HLim,REAL,0,,,,-
TurnUp_HS_Home_Pos_LLim,REAL,0,,,,-
Turnup_HS_Manual_Move_Pos,REAL,0,,,,-
Turnup_HS_Position_Error_Req,REAL,0,,,,-
Turnup_HS_Position_In_TorqueMode,BOOL,0,,,,-
Turnup_HS_Safe_Position,REAL,0,,,,-
TurnUp_move_Spd,REAL,1,10,0,9,10
TurnUp_move_Spd_HS,REAL,0,,,,-
TurnUp_ParkingPosition_HS_HLim,REAL,0,,,,-
TurnUp_ParkingPosition_HS_LLim,REAL,0,,,,-
TurnUp_ParkingPosition_TS_HLim,REAL,0,,,,-
TurnUp_ParkingPosition_TS_LLim,REAL,0,,,,-
Turnup_Position_Index,INT,0,,,,-
Turnup_Pos_Tolerance,REAL,0,,,,-
Turnup_Ring_SFC_Act_A09c,SFC_ACTION,0,,,,-
turnup_Ring_test,DINT,0,,,,-
Turnup_TS:S,AB:MOTION_DIAGNOSTICS:S:1,0,,,,-
TurnUp_TS_Axis_Back_Manual_Move_CMD,BOOL,0,,,,-
TurnUp_TS_Axis_Fwd_Manual_Move_CMD,BOOL,0,,,,-
TurnUp_TS_Axis_MAM,MOTION_INSTRUCTION,1,10,0,9,10
TurnUP_TS_Position,REAL,1,6,0,5,6
Turnup_TS_Position_Error_Req,REAL,0,,,,-
Turnup_TS_Position_In_TorqueMode,BOOL,0,,,,-
Turnup_TS_Safe_Position,REAL,0,,,,-
TURN_UP_CT,REAL,0,,,,-
TURN_UP_CYCLE_TIME,REAL,0,,,,-
TURN_UP_OP_DELAY_TIME,REAL,0,,,,-
Turn_Up_Ring_Width,DINT,0,,,,-
UDT_TPRL,UDT_CIPAXISCONTROL,0,,,,-
UN01_MachineFaulted,BOOL,0,,,,-
UN01_MachineFault_Major,BOOL,0,,,,-
UN01_MachineFault_Minor,BOOL,0,,,,-
UN01_MachineStateModel,MEQPOPR_ISATR880002_2015,0,,,,-
UN01_PerformanceTracking,MEQPINF_PERFORMANCETRACKING_REI,0,,,,-
Unit_MachineStateWatchDog,TIMER,0,,,,-
UserName,STRING,0,,,,-
UserType,STRING,0,,,,-
Value1_IN,INT,1,3,0,2,3
Value1_OUT,INT,1,3,0,2,3
Value_2_IN,INT,1,3,0,2,3
Value_2_OUT,INT,1,3,0,2,3
Value_3_IN,INT,1,3,0,2,3
Value_3_OUT,INT,1,3,0,2,3
Value_4_IN,INT,1,3,0,2,3
Value_4_OUT,INT,1,4,0,3,4
Value_5_IN,INT,1,3,0,2,3
Value_5_OUT,INT,1,3,0,2,3
Value_6_IN,INT,1,3,0,2,3
Value_6_OUT,INT,1,3,0,2,3
VDI_IL_GU_MOVE_SPEED,REAL,0,,,,-
VDI_IL_GU_SPEED,REAL,0,,,,-
VDI_IL_TR_MOVE_SPEED,REAL,0,,,,-
VDI_IL_TR_SPEED,REAL,0,,,,-
VDI_PLY1_CU_MOVE_SPEED,REAL,0,,,,-
VDI_PLY1_CU_SPEED,REAL,0,,,,-
VDI_PLY1_GU_MOVE_SPEED,REAL,0,,,,-
VDI_PLY1_GU_SPEED,REAL,0,,,,-
VDI_PLY1_TR_MOVE_SPEED,REAL,0,,,,-
VDI_PLY1_TR_SPEED,REAL,0,,,,-
VDI_PLY2_CU_MOVE_SPEED,REAL,0,,,,-
VDI_PLY2_CU_SPEED,REAL,0,,,,-
VDI_PLY2_GU_MOVE_SPEED,REAL,0,,,,-
VDI_PLY2_GU_SPEED,REAL,0,,,,-
VDI_PLY2_TR_MOVE_SPEED,REAL,0,,,,-
VDI_PLY2_TR_SPEED,REAL,0,,,,-
VDI_PLY3_CU_MOVE_SPEED,REAL,0,,,,-
VDI_PLY3_CU_SPEED,REAL,0,,,,-
VDI_PLY3_GU_MOVE_SPEED,REAL,0,,,,-
VDI_PLY3_GU_SPEED,REAL,0,,,,-
VDI_PLY3_TR_MOVE_SPEED,REAL,0,,,,-
VDI_PLY3_TR_SPEED,REAL,0,,,,-
VISION_CAMERA_HEALTHY,BOOL,0,,,,-
VRL_IL_GUOFFSET,REAL,0,,,,-
VRL_IL_GU_HALF_WIDTH,REAL,0,,,,-
VRL_IL_GU_MAX_LIMIT,REAL,0,,,,-
VRL_IL_GU_MECHANICAL_MAX_LIMIT,REAL,0,,,,-
VRL_IL_GU_MECHANICAL_MIN_LIMIT,REAL,0,,,,-
VRL_IL_GU_MIN_LIMIT,REAL,0,,,,-
VRL_IL_GU_OFFSET,REAL,0,,,,-
VRL_IL_GU_OUTPUT_WIDTH,REAL,0,,,,-
VRL_IL_GU_POSITION_TOLERANCE_mm,REAL,0,,,,-
VRL_IL_GU_POSITION_TOLERANCE_mm_NEG,REAL,0,,,,-
VRL_IL_GU_TOLERANCE_mm,REAL,0,,,,-
VRL_IL_GU_WIDTH,REAL,0,,,,-
VRL_IL_TRAY_HALF_WIDTH,REAL,0,,,,-
VRL_IL_TRAY_HEIGHT_TARGET,REAL,0,,,,-
VRL_IL_TRAY_OUTPUT_WIDTH,REAL,0,,,,-
VRL_IL_TRAY_POSITION_TOLERANCE_mm_NEG,REAL,0,,,,-
VRL_IL_TRAY_WIDTH,REAL,0,,,,-
VRL_IL_TR_MAX_LIMIT,REAL,0,,,,-
VRL_IL_TR_MECHANICAL_MAX_LIMIT,REAL,0,,,,-
VRL_IL_TR_MECHANICAL_MIN_LIMIT,REAL,0,,,,-
VRL_IL_TR_MIN_LIMIT,REAL,0,,,,-
VRL_IL_TR_POSITION_TOLERANCE_mm,REAL,0,,,,-
VRL_IL_TR_POS_TOL_mm,REAL,0,,,,-
VRL_LASER_LIGHT_HALF_WIDTH,REAL,0,,,,-
VRL_LASER_LIGHT_MAX_LIMIT,REAL,0,,,,-
VRL_LASER_LIGHT_MECHANICAL_MAX_LIMIT,REAL,0,,,,-
VRL_LASER_LIGHT_MECHANICAL_MIN_LIMIT,REAL,0,,,,-
VRL_LASER_LIGHT_MIN_LIMIT,REAL,0,,,,-
VRL_LASER_LIGHT_MOVE_SPEED,REAL,0,,,,-
VRL_LASER_LIGHT_OFFSET,REAL,0,,,,-
VRL_LASER_LIGHT_OUTPUT_WIDTH,REAL,0,,,,-
VRL_LASER_LIGHT_POSITION_TOLERANCE_mm,REAL,0,,,,-
VRL_LASER_LIGHT_SPEED,REAL,0,,,,-
VRL_LASER_LIGHT_TOLERANCE_mm,REAL,0,,,,-
VRL_LASER_LIGHT_WIDTH,REAL,0,,,,-
VRL_LASER_POSITION_TOLERANCE_mm_NEG,REAL,0,,,,-
VRL_PLY1_CU_CONVERSION_CONSTANT_PER_DEG,REAL,0,,,,-
VRL_PLY1_CU_DEG,REAL,0,,,,-
VRL_PLY1_CU_MAX_LIMIT,REAL,0,,,,-
VRL_PLY1_CU_MECHANICAL_MAX_LIMIT,REAL,0,,,,-
VRL_PLY1_CU_MECHANICAL_MIN_LIMIT,REAL,0,,,,-
VRL_PLY1_CU_MIN_LIMIT,REAL,0,,,,-
VRL_PLY1_CU_OFFSET,REAL,0,,,,-
VRL_PLY1_CU_OUTPUT_DEG,REAL,0,,,,-
VRL_PLY1_CU_OUT_DEG,REAL,0,,,,-
VRL_PLY1_CU_PIVOT_DISTANCE,REAL,0,,,,-
VRL_PLY1_CU_POSITION_TOLERANCE_mm,REAL,0,,,,-
VRL_PLY1_CU_POSITION_TOLERANCE_mm_NEG,REAL,0,,,,-
VRL_PLY1_CU_TOLERANCE_mm,REAL,0,,,,-
VRL_PLY1_GUOFFSET,REAL,0,,,,-
VRL_PLY1_GU_HALF_WIDTH,REAL,0,,,,-
VRL_PLY1_GU_MAX_LIMIT,REAL,0,,,,-
VRL_PLY1_GU_MECHANICAL_MAX_LIMIT,REAL,0,,,,-
VRL_PLY1_GU_MECHANICAL_MIN_LIMIT,REAL,0,,,,-
VRL_PLY1_GU_MIN_LIMIT,REAL,0,,,,-
VRL_PLY1_GU_OFFSET,REAL,0,,,,-
VRL_PLY1_GU_OUTPUT_WIDTH,REAL,0,,,,-
VRL_PLY1_GU_POSITION_TOLERANCE_mm,REAL,0,,,,-
VRL_PLY1_GU_POSITION_TOLERANCE_mm_NEG,REAL,0,,,,-
VRL_PLY1_GU_TOLERANCE_mm,REAL,0,,,,-
VRL_PLY1_GU_WIDTH,REAL,0,,,,-
VRL_PLY1_TRAY_HALF_WIDTH,REAL,0,,,,-
VRL_PLY1_TRAY_HEIGHT_TARGET,REAL,0,,,,-
VRL_PLY1_TRAY_OUTPUT_WIDTH,REAL,0,,,,-
VRL_PLY1_TRAY_POSITION_TOLERANCE_mm_NEG,REAL,0,,,,-
VRL_PLY1_TRAY_WIDTH,REAL,0,,,,-
VRL_PLY1_TR_MAX_LIMIT,REAL,0,,,,-
VRL_PLY1_TR_MECHANICAL_MAX_LIMIT,REAL,0,,,,-
VRL_PLY1_TR_MECHANICAL_MIN_LIMIT,REAL,0,,,,-
VRL_PLY1_TR_MIN_LIMIT,REAL,0,,,,-
VRL_PLY1_TR_POSITION_TOLERANCE_mm,REAL,0,,,,-
VRL_PLY1_TR_POS_TOL_mm,REAL,0,,,,-
VRL_PLY2_CU_CONVERSION_CONSTANT_PER_DEG,REAL,0,,,,-
VRL_PLY2_CU_DEG,REAL,0,,,,-
VRL_PLY2_CU_MAX_LIMIT,REAL,0,,,,-
VRL_PLY2_CU_MECHANICAL_MAX_LIMIT,REAL,0,,,,-
VRL_PLY2_CU_MECHANICAL_MIN_LIMIT,REAL,0,,,,-
VRL_PLY2_CU_MIN_LIMIT,REAL,0,,,,-
VRL_PLY2_CU_OFFSET,REAL,0,,,,-
VRL_PLY2_CU_OUTPUT_DEG,REAL,0,,,,-
VRL_PLY2_CU_OUT_DEG,REAL,0,,,,-
VRL_PLY2_CU_PIVOT_DISTANCE,REAL,0,,,,-
VRL_PLY2_CU_POSITION_TOLERANCE_mm,REAL,0,,,,-
VRL_PLY2_CU_POSITION_TOLERANCE_mm_NEG,REAL,0,,,,-
VRL_PLY2_CU_TOLERANCE_mm,REAL,0,,,,-
VRL_PLY2_GUOFFSET,REAL,0,,,,-
VRL_PLY2_GU_HALF_WIDTH,REAL,0,,,,-
VRL_PLY2_GU_MAX_LIMIT,REAL,0,,,,-
VRL_PLY2_GU_MECHANICAL_MAX_LIMIT,REAL,0,,,,-
VRL_PLY2_GU_MECHANICAL_MIN_LIMIT,REAL,0,,,,-
VRL_PLY2_GU_MIN_LIMIT,REAL,0,,,,-
VRL_PLY2_GU_OFFSET,REAL,0,,,,-
VRL_PLY2_GU_OUTPUT_WIDTH,REAL,0,,,,-
VRL_PLY2_GU_POSITION_TOLERANCE_mm,REAL,0,,,,-
VRL_PLY2_GU_POSITION_TOLERANCE_mm_NEG,REAL,0,,,,-
VRL_PLY2_GU_TOLERANCE_mm,REAL,0,,,,-
VRL_PLY2_GU_WIDTH,REAL,0,,,,-
VRL_PLY2_TRAY_HALF_WIDTH,REAL,0,,,,-
VRL_PLY2_TRAY_HEIGHT_TARGET,REAL,0,,,,-
VRL_PLY2_TRAY_OUTPUT_WIDTH,REAL,0,,,,-
VRL_PLY2_TRAY_POSITION_TOLERANCE_mm_NEG,REAL,0,,,,-
VRL_PLY2_TRAY_WIDTH,REAL,0,,,,-
VRL_PLY2_TR_MAX_LIMIT,REAL,0,,,,-
VRL_PLY2_TR_MECHANICAL_MAX_LIMIT,REAL,0,,,,-
VRL_PLY2_TR_MECHANICAL_MIN_LIMIT,REAL,0,,,,-
VRL_PLY2_TR_MIN_LIMIT,REAL,0,,,,-
VRL_PLY2_TR_POSITION_TOLERANCE_mm,REAL,0,,,,-
VRL_PLY2_TR_POS_TOL_mm,REAL,0,,,,-
VRL_PLY3_CU_DEG,REAL,0,,,,-
VRL_PLY3_CU_MECHANICAL_MAX_LIMIT,REAL,0,,,,-
VRL_PLY3_CU_MECHANICAL_MIN_LIMIT,REAL,0,,,,-
VRL_PLY3_CU_OFFSET,REAL,0,,,,-
VRL_PLY3_CU_OUTPUT_DEG,REAL,0,,,,-
VRL_PLY3_CU_OUT_DEG,REAL,0,,,,-
VRL_PLY3_CU_POSITION_TOLERANCE_mm,REAL,0,,,,-
VRL_PLY3_CU_POSITION_TOLERANCE_mm_NEG,REAL,0,,,,-
VRL_PLY3_GUOFFSET,REAL,0,,,,-
VRL_PLY3_GU_CALIB_OFFSET,REAL,0,,,,-
VRL_PLY3_GU_HALF_WIDTH,REAL,0,,,,-
VRL_PLY3_GU_MAX_LIMIT,REAL,0,,,,-
VRL_PLY3_GU_MECHANICAL_MAX_LIMIT,REAL,0,,,,-
VRL_PLY3_GU_MECHANICAL_MIN_LIMIT,REAL,0,,,,-
VRL_PLY3_GU_MIN_LIMIT,REAL,0,,,,-
VRL_PLY3_GU_OFFSET,REAL,0,,,,-
VRL_PLY3_GU_OUTPUT_WIDTH,REAL,0,,,,-
VRL_PLY3_GU_POSITION_TOLERANCE_mm,REAL,0,,,,-
VRL_PLY3_GU_POSITION_TOLERANCE_mm_NEG,REAL,0,,,,-
VRL_PLY3_GU_TOLERANCE_mm,REAL,0,,,,-
VRL_PLY3_GU_WIDTH,REAL,0,,,,-
VRL_PLY3_TRAY_CMD_POS,REAL,0,,,,-
VRL_PLY3_TRAY_HEIGHT_TARGET,REAL,0,,,,-
VRL_PLY3_TRAY_OUTPUT_WIDTH,REAL,0,,,,-
VRL_PLY3_TRAY_POSITION_TOLERANCE_mm_NEG,REAL,0,,,,-
VRL_PLY3_TRAY_WIDTH,REAL,0,,,,-
VRL_PLY3_TR_MECHANICAL_MAX_LIMIT,REAL,0,,,,-
VRL_PLY3_TR_MECHANICAL_MIN_LIMIT,REAL,0,,,,-
VRL_PLY3_TR_POSITION_TOLERANCE_mm,REAL,0,,,,-
VRL_TR_XCCDR_TOR_REF_ACT,REAL,0,,,,-
VRL_TR_XCCDR_TOR_REF_MAX,REAL,0,,,,-
VRL_TR_XCCDR_TOR_REF_MIN,REAL,0,,,,-
VRL_TR_XCONT_ST_TOR_REF_ACT,REAL,0,,,,-
VRL_TR_XCONT_ST_TOR_REF_MAX,REAL,0,,,,-
VRL_TR_XCONT_ST_TOR_REF_MIN,REAL,0,,,,-
VRL_TR_XDISK_ST_TOR_REF_ACT,REAL,0,,,,-
VRL_TR_XDISK_ST_TOR_REF_MAX,REAL,0,,,,-
VRL_TR_XDISK_ST_TOR_REF_MIN,REAL,0,,,,-
VRL_TR_XILKNIFE_TOR_REF_ACT,REAL,0,,,,-
VRL_TR_XILKNIFE_TOR_REF_MAX,REAL,0,,,,-
VRL_TR_XILKNIFE_TOR_REF_MIN,REAL,0,,,,-
VRL_TR_XIL_TOR_REF_ACT,REAL,0,,,,-
VRL_TR_XIL_TOR_REF_MAX,REAL,0,,,,-
VRL_TR_XIL_TOR_REF_MIN,REAL,0,,,,-
VRL_TR_XPLY1_TOR_REF_ACT,REAL,0,,,,-
VRL_TR_XPLY1_TOR_REF_MAX,REAL,0,,,,-
VRL_TR_XPLY1_TOR_REF_MIN,REAL,0,,,,-
VRL_TR_XPLY2_TOR_REF_ACT,REAL,0,,,,-
VRL_TR_XPLY2_TOR_REF_MAX,REAL,0,,,,-
VRL_TR_XPLY2_TOR_REF_MIN,REAL,0,,,,-
VRL_TR_XPLY3_TOR_REF_ACT,REAL,0,,,,-
VRL_TR_XPLY3_TOR_REF_MAX,REAL,0,,,,-
VRL_TR_XPLY3_TOR_REF_MIN,REAL,0,,,,-
VRL_TR_XRRD_B_TOR_REF_ACT,REAL,0,,,,-
VRL_TR_XRRD_B_TOR_REF_MAX,REAL,0,,,,-
VRL_TR_XRRD_B_TOR_REF_MIN,REAL,0,,,,-
VRL_TR_XRRD_L_TOR_REF_ACT,REAL,0,,,,-
VRL_TR_XRRD_L_TOR_REF_MAX,REAL,0,,,,-
VRL_TR_XRRD_L_TOR_REF_MIN,REAL,0,,,,-
VRL_TR_XRRD_RAD_TOR_REF_ACT,REAL,0,,,,-
VRL_TR_XRRD_RAD_TOR_REF_MAX,REAL,0,,,,-
VRL_TR_XRRD_RAD_TOR_REF_MIN,REAL,0,,,,-
VRL_TR_XRRD_R_TOR_REF_ACT,REAL,0,,,,-
VRL_TR_XRRD_R_TOR_REF_MAX,REAL,0,,,,-
VRL_TR_XRRD_R_TOR_REF_MIN,REAL,0,,,,-
VRL_TR_XSW_CV_LH_TOR_REF_ACT,REAL,0,,,,-
VRL_TR_XSW_CV_LH_TOR_REF_MAX,REAL,0,,,,-
VRL_TR_XSW_CV_LH_TOR_REF_MIN,REAL,0,,,,-
VRL_TR_XSW_CV_RH_TOR_REF_ACT,REAL,0,,,,-
VRL_TR_XSW_CV_RH_TOR_REF_MAX,REAL,0,,,,-
VRL_TR_XSW_CV_RH_TOR_REF_MIN,REAL,0,,,,-
VRL_TR_XSW_PP_TOR_REF_ACT,REAL,0,,,,-
VRL_TR_XSW_PP_TOR_REF_MAX,REAL,0,,,,-
VRL_TR_XSW_PP_TOR_REF_MIN,REAL,0,,,,-
VRL_TR_XTPRL_TOR_REF_ACT,REAL,0,,,,-
VRL_TR_XTPRL_TOR_REF_MAX,REAL,0,,,,-
VRL_TR_XTPRL_TOR_REF_MIN,REAL,0,,,,-
VRL_TR_XTURNUP_HS_TOR_REF_ACT,REAL,0,,,,-
VRL_TR_XTURNUP_HS_TOR_REF_MAX,REAL,0,,,,-
VRL_TR_XTURNUP_HS_TOR_REF_MIN,REAL,0,,,,-
VRL_TR_XTURNUP_TS_TOR_REF_ACT,REAL,0,,,,-
VRL_TR_XTURNUP_TS_TOR_REF_MAX,REAL,0,,,,-
VRL_TR_XTURNUP_TS_TOR_REF_MIN,REAL,0,,,,-
VTEM_LH_Zone1_Pressure,REAL,0,,,,-
VTEM_LH_Zone2_Pressure,REAL,0,,,,-
VTEM_LH_Zone3_Pressure,REAL,0,,,,-
VTEM_LH_Zone4_Pressure,REAL,0,,,,-
VTEM_LH_Zone5_Pressure,REAL,0,,,,-
VTEM_LH_Zone6_Pressure,REAL,0,,,,-
VTEM_RH_Zone1_Pressure,REAL,0,,,,-
VTEM_RH_Zone2_Pressure,REAL,0,,,,-
VTEM_RH_Zone3_Pressure,REAL,0,,,,-
VTEM_RH_Zone4_Pressure,REAL,0,,,,-
VTEM_RH_Zone5_Pressure,REAL,0,,,,-
VTEM_RH_Zone6_Pressure,REAL,0,,,,-
VTEM_VALUE_CONTROL_1,VTEM_AOI_VALVECONTROL,0,,,,-
VTEM_VALUE_CONTROL_2,VTEM_AOI_VALVECONTROL,0,,,,-
VTEM_VALUE_CONTROL_3,VTEM_AOI_VALVECONTROL,0,,,,-
VTEM_VALUE_CONTROL_4,VTEM_AOI_VALVECONTROL,0,,,,-
VTEM_VALUE_CONTROL_5,VTEM_AOI_VALVECONTROL,0,,,,-
VTEM_VALUE_CONTROL_6,VTEM_AOI_VALVECONTROL,0,,,,-
WaitTimer_DoNotCheckHSBDCenterCollapsIRS,TIMER,0,,,,-
WaitTimer_DoNotCheckTSBDCenterCollapsIRS,TIMER,0,,,,-
Weight1,REAL,1,1000,0,999,1000
WPAR_TPRL_JOG_SPEED_MPM,REAL,0,,,,-
WPAR_TPRL_POSITIONING_SPEED_MPM,REAL,0,,,,-
Wrk_Machine_ModesTime,DINT,1,32,0,31,32
Wrk_Machine_StatesTime,MUDT_MEQPINF_PRFTRK_STATEDINT18,1,32,0,31,32
z,INT,0,,,,-
_071a_TPRL,UDT_SFC,0,,,,-
_70b_TPRL,UDT_SFC,0,,,,-
_854a_TPRL,UDT_SFC,0,,,,-
_A_SHIFT_DATA_1,PROD_DATA,1,100,0,99,100
_A_SHIFT_DATA_2,PROD_DATA,1,100,0,99,100
_A_SHIFT_DATA_3,PROD_DATA,1,100,0,99,100
_A_SHIFT_DATA_4,PROD_DATA,1,100,0,99,100
_A_SHIFT_DATA_5,PROD_DATA,1,100,0,99,100
_A_SHIFT_DATA_6,PROD_DATA,1,100,0,99,100
_A_SHIFT_DATA_7,PROD_DATA,1,100,0,99,100
_A_SHIFT_DATA_8,PROD_DATA,1,100,0,99,100
_B_SHIFT_DATA_1,PROD_DATA,1,100,0,99,100
_B_SHIFT_DATA_2,PROD_DATA,1,100,0,99,100
_B_SHIFT_DATA_3,PROD_DATA,1,100,0,99,100
_B_SHIFT_DATA_4,PROD_DATA,1,100,0,99,100
_B_SHIFT_DATA_5,PROD_DATA,1,100,0,99,100
_B_SHIFT_DATA_6,PROD_DATA,1,100,0,99,100
_B_SHIFT_DATA_7,PROD_DATA,1,100,0,99,100
_B_SHIFT_DATA_8,PROD_DATA,1,100,0,99,100
_C_SHIFT_DATA_1,PROD_DATA,1,100,0,99,100
_C_SHIFT_DATA_2,PROD_DATA,1,100,0,99,100
_C_SHIFT_DATA_3,PROD_DATA,1,100,0,99,100
_C_SHIFT_DATA_4,PROD_DATA,1,100,0,99,100
_C_SHIFT_DATA_5,PROD_DATA,1,100,0,99,100
_C_SHIFT_DATA_6,PROD_DATA,1,100,0,99,100
_C_SHIFT_DATA_7,PROD_DATA,1,100,0,99,100
_C_SHIFT_DATA_8,PROD_DATA,1,100,0,99,100
_Prod_Real_Data,PROD_DATA,0,,,,-
_SPARE_CT,REAL,1,10,0,9,10
_x,DINT,0,,,,-
